DrugName	CID
Abacavir	441300
Abiraterone	132971
Acamprosate	71158
Acarbose	41774
Acarbose	444254
Acarbose	4432690
Acarbose	441184
Acarbose	445421
Acarbose	134694648
Acarbose	129010024
Acarbose	163284948
Acarbose	18397995
Acarbose	122172882
Acebutolol	1978
Acenocoumarol	54676537
Acepromazine	6077
Aceprometazine	26035
Acetaminophen	1983
Acetazolamide	1986
Acetic acid	176
Acetohydroxamic Acid	1990
Acetophenazine	17676
Acetylcarnitine	7045767
Acetylcarnitine	1
Acetylcysteine	12035
Acetyldigitoxin	5284512
Acetylsalicylic acid	2244
Aciclovir	135398513
Acitretin	5284513
Aclidinium	11434515
Adapalene	60164
Adefovir Dipivoxil	60871
Adenine	190
Adenosine	60961
Adenosine monophosphate	6083
Adenosine triphosphate	5957
Adinazolam	37632
Afatinib	10184653
Agomelatine	82148
Ajmaline	6100671
Albendazole	2082
Alcaftadine	19371515
Alclometasone	5311000
Alendronate	2088
Alfacalcidol	5282181
Alfacalcidol	5284515
Alfacalcidol	2091
Alfacalcidol	5283718
Alfacalcidol	443990
Alfacalcidol	145705856
Alfacalcidol	5283723
Alfacalcidol	46780105
Alfacalcidol	134688803
Alfacalcidol	134694392
Alfacalcidol	163285106
Alfacalcidol	45073394
Alfacalcidol	135391135
Alfacalcidol	145705666
Alfentanil	51263
Alfuzosin	2092
Alimemazine	5574
Alitretinoin	449171
Alizapride	
Allopurinol	135401907
Allylestrenol	235905
Almitrine	33887
Almotriptan	123606
Alogliptin	11450633
Alosetron	2099
Alpha-Linolenic Acid	5280934
Alprazolam	2118
Alprenolol	2119
Alprostadil	5280723
Altretamine	2123
Aluminium	5359268
Aluminum hydroxide	
Alverine	3678
Alvimopan	5488548
Amantadine	2130
Ambenonium	2131
Amcinonide	443958
Amfecloral	21759
Amifostine	2141
Amikacin	37768
Amiloride	16231
Aminocaproic Acid	564
Aminoglutethimide	2145
Aminohippurate	2148
Aminolevulinic acid	137
Aminophenazone	6009
Aminophylline	9433
Aminosalicylic Acid	4649
Amiodarone	2157
Amisulpride	2159
Amitriptyline	2160
Amlexanox	2161
Amlodipine	2162
Ammonium lactate	62358
Ammonium lactate	10129918
Amobarbital	2164
Amodiaquine	2165
Amoxapine	2170
Amoxicillin	33613
Amphetamine	3007
Amphotericin B	5280965
Amphotericin B	91819969
Ampicillin	6249
Amprenavir	65016
Amrinone	3698
Amsacrine	2179
Amyl Nitrite	10026
Anagrelide	135409400
Anastrozole	2187
Anidulafungin	166548
Anileridine	8944
Anisindione	2197
Anisotropine Methylbromide	657201
Antazoline	2200
Antipyrine	2206
Antrafenine	68723
Apixaban	10182969
Apomorphine	6005
Apraclonidine	2216
Aprepitant	135413536
Aprindine	2218
Aprobarbital	6464
Arbekacin	68682
Arbutamine	60789
Ardeparin	772
Arformoterol	3083544
Argatroban	92722
Aripiprazole	60795
Arsenic trioxide	14888
Arsthinol	8414
Artemether	68911
Articaine	32170
Asenapine	3036780
Asenapine	163091
Asenapine	9903970
Asenapine	46780481
Aspartame	134601
Astemizole	2247
Atazanavir	148192
Atenolol	2249
Atomoxetine	54841
Atorvastatin	60823
Atovaquone	74989
Atracurium	47319
Atropine	174174
Auranofin	24199313
Auranofin	70788951
Auranofin	16667669
Auranofin	6918453
Auranofin	124081048
Auranofin	57417071
Auranofin	6333901
Auranofin	138402869
Avanafil	9869929
Azacitidine	9444
Azapropazone	26098
Azatadine	19861
Azathioprine	2265
Azelaic Acid	2266
Azelastine	2267
Azidocillin	15574941
Azilsartan medoxomil	135409642
Azithromycin	447043
Azlocillin	6479523
Aztreonam	5742832
Aztreonam	5459211
Aztreonam	2274
Aztreonam	54117
Aztreonam	5466987
Aztreonam	56842327
Aztreonam	86741379
Aztreonam	22842006
Bacampicillin	441397
Bacitracin	
Baclofen	2284
Balsalazide	54585
Bambuterol	54766
Beclomethasone	20469
Beclomethasone	11957468
Beclomethasone	16218996
Beclomethasone	2308
Beclomethasone	155903696
Beclomethasone	24867475
Beclomethasone	133687604
Beclomethasone	134688323
Beclomethasone	163285100
Beclomethasone	126968472
Bedaquiline	5388906
Benazepril	5362124
Bendroflumethiazide	2315
Bentoquatam	517273
Benzatropine	1201549
Benzocaine	2337
Benzonatate	7699
Benzphetamine	5311017
Benzthiazide	2343
Benzyl Benzoate	2345
Benzyl alcohol	244
Benzylpenicillin	5904
Benzylpenicilloyl Polylysine	45266800
Bepotastine	164522
Bepridil	2351
Besifloxacin	10178705
Betahistine	2366
Betamethasone	9782
Betaxolol	2369
Betazole	7741
Bethanechol	2370
Bethanidine	2368
Bevantolol	2372
Bexarotene	82146
Bezafibrate	39042
Bicalutamide	2375
Bifonazole	2378
Bimatoprost	5311027
Biotin	171548
Biperiden	2381
Bisacodyl	2391
Bismuth Subsalicylate	16682734
Bisoprolol	2405
Bleomycin	5360373
Bleomycin	5460769
Bleomycin	84068
Bleomycin	456190
Bleomycin	155903698
Boceprevir	10324367
Bopindolol	44112
Bortezomib	387447
Bosentan	104865
Bosutinib	5328940
Bretylium	2431
Brimonidine	2435
Brinzolamide	68844
Bromazepam	2441
Bromfenac	60726
Bromhexine	2442
Bromocriptine	31101
Bromodiphenhydramine	2444
Bromopride	2446
Brompheniramine	6834
Brotizolam	2451
Buclizine	6729
Budesonide	5281004
Bumetanide	2471
Bupivacaine	2474
Bupranolol	2475
Buprenorphine	644073
Bupropion	444
Buspirone	2477
Busulfan	2478
Butabarbital	2479
Butalbital	2481
Butenafine	2484
Butethal	6473
Butoconazole	47472
Butorphanol	5361092
Cabazitaxel	9854073
Cabergoline	54746
Caffeine	2519
Calcidiol	5283731
Calcipotriol	5288783
Calcitriol	5280453
Calcium Acetate	6116
Calcium Chloride	
Calcium Gluceptate	62859
Calcium Gluceptate	28327
Calcium Gluceptate	109291
Calcium Gluceptate	45934213
Calcium Gluceptate	124080902
Camazepam	37367
Canagliflozin	24812758
Candesartan	2541
Candoxatril	5362417
Capecitabine	60953
Capreomycin	3000502
Captodiame	10240
Captopril	44093
Carbachol	5831
Carbamazepine	2554
Carbenicillin	20824
Carbetocin	16681432
Carbidopa	34359
Carbimazole	31072
Carbinoxamine	2564
Carboplatin	426756
Carboprost Tromethamine	5281074
Carboprost Tromethamine	154701741
Carfilzomib	11556711
Carglumic Acid	121396
Carisoprodol	2576
Carmustine	2578
Carprofen	2581
Carteolol	2583
Carvedilol	2585
Caspofungin	2826718
Caspofungin	16119814
Caspofungin	468682
Caspofungin	3035406
Caspofungin	138394206
Caspofungin	9963413
Caspofungin	25246317
Caspofungin	139586083
Caspofungin	58012659
Caspofungin	129627691
Cefacetrile	91562
Cefaclor	51039
Cefadroxil	47965
Cefalotin	6024
Cefamandole	456255
Cefapirin	30699
Cefazolin	33255
Cefdinir	6915944
Cefdinir	6399253
Cefdinir	6398970
Cefdinir	6803597
Cefdinir	88046200
Cefdinir	11655595
Cefdinir	131714458
Cefdinir	123133951
Cefditoren	9870843
Cefepime	5479537
Cefepime	5491295
Cefepime	16726873
Cefixime	5362065
Cefixime	6321411
Cefixime	54362
Cefixime	6604438
Cefixime	5943039
Cefixime	91323352
Cefixime	92329211
Cefixime	90437953
Cefmenoxime	9570757
Cefmenoxime	5361486
Cefmenoxime	2624
Cefmenoxime	47521
Cefmenoxime	123931031
Cefmetazole	42008
Cefonicid	43594
Cefoperazone	44187
Ceforanide	43507
Cefotaxime	5742673
Cefotaxime	10695961
Cefotaxime	9777579
Cefotetan	53025
Cefotiam	43708
Cefoxitin	441199
Cefpiramide	636405
Cefpodoxime	6335986
Cefprozil	5281006
Cefprozil	6436628
Cefradine	38103
Ceftaroline fosamil	9852981
Ceftaroline fosamil	56841980
Ceftaroline fosamil	16007393
Ceftaroline fosamil	57514685
Ceftaroline fosamil	155292829
Ceftazidime	5481173
Ceftazidime	5484131
Ceftazidime	91713
Ceftazidime	2650
Ceftazidime	133687818
Ceftazidime	44298077
Ceftazidime	66509024
Ceftibuten	5282242
Ceftizoxime	6533629
Ceftizoxime	5361848
Ceftizoxime	2655
Ceftizoxime	50194
Ceftizoxime	54121176
Ceftizoxime	5353510
Ceftriaxone	5479530
Ceftriaxone	9570985
Ceftriaxone	23679441
Ceftriaxone	46173365
Cefuroxime	5479529
Cefuroxime	5361202
Cefuroxime	41375
Cefuroxime	2659
Cefuroxime	6914282
Celecoxib	2662
Cephalexin	27447
Cephaloglycin	19150
Cephaloridine	5773
Cerulenin	5282054
Ceruletide	16129675
Cetirizine	2678
Cetrorelix	25074887
Cevimeline	83898
Cevimeline	2684
Cevimeline	25137844
Cevimeline	18642481
Cevimeline	132935795
Chenodeoxycholic acid	10133
Chlorambucil	2708
Chloramphenicol	5959
Chlorcyclizine	2710
Chlordiazepoxide	2712
Chlorhexidine	9552079
Chlormerodrin	25210
Chlormezanone	2717
Chloroprocaine	8612
Chloropyramine	25295
Chloroquine	2719
Chlorothiazide	2720
Chloroxine	2722
Chlorphenamine	2725
Chlorphenesin	7697
Chlorpromazine	2726
Chlorpropamide	2727
Chlorprothixene	667467
Chlorthalidone	2732
Chlorzoxazone	2733
Cholecalciferol	5280795
Cholecalciferol	117064495
Choline	305
Ciclesonide	6918155
Ciclopirox	2749
Cidofovir	60613
Cilastatin	6435415
Cilazapril	56330
Cilostazol	2754
Cimetidine	2756
Cinacalcet	156419
Cinalukast	6436135
Cinchocaine	3025
Cinitapride	68867
Cinnarizine	1547484
Cinolazepam	3033621
Cinoxacin	2762
Ciprofloxacin	2764
Cisapride	6917698
Cisapride	2769
Cisapride	5311047
Cisapride	6604902
Cisapride	44279790
Cisatracurium Besylate	62886
Cisplatin	5702198
Citalopram	2771
Cladribine	20279
Clarithromycin	84029
Clavulanate	5280980
Clemastine	26987
Clenbuterol	2783
Clevidipine	153994
Clidinium	2784
Clindamycin	446598
Clinofibrate	2787
Clobazam	2789
Clobetasol propionate	32798
Clocapramine	2793
Clocortolone	5311052
Clodronate	25419
Clofarabine	119182
Clofazimine	2794
Clofedanol	2795
Clofibrate	2796
Clomifene	1548955
Clomifene	1548953
Clomifene	2800
Clomipramine	2801
Clomocycline	54680675
Clonazepam	2802
Clonidine	2803
Cloperastine	2805
Clopidogrel	60606
Clorazepate	2809
Clotiazepam	2811
Clotrimazole	2812
Cloxacillin	6098
Cloxazolam	2816
Clozapine	135398737
Cocaine	446220
Codeine	5284371
Colchicine	6167
Colestipol	62816
Colistimethate	216258
Colistimethate	70789202
Colistimethate	216259
Colistin	5311054
Colistin	44144393
Colistin	45357147
Colistin	57417187
Conivaptan	151171
Conjugated Estrogens	45357473
Conjugated Estrogens	23667301
Cortisone acetate	5745
Creatine	586
Crizotinib	11626560
Cromoglicic acid	2882
Crotamiton	688020
Cyamemazine	62865
Cyanocobalamin	5311498
Cyanocobalamin	70678590
Cyanocobalamin	46853873
Cyanocobalamin	24892734
Cyanocobalamin	11970261
Cyanocobalamin	129627537
Cyanocobalamin	54605677
Cyanocobalamin	6474318
Cyanocobalamin	91898871
Cyanocobalamin	44176380
Cyanocobalamin	129627679
Cyanocobalamin	25102581
Cyanocobalamin	25195380
Cyanocobalamin	145875202
Cyanocobalamin	23806828
Cyanocobalamin	137332389
Cyanocobalamin	118701720
Cyanocobalamin	139030973
Cyanocobalamin	156587311
Cyanocobalamin	5460135
Cyclacillin	19003
Cyclandelate	2893
Cyclizine	6726
Cyclobenzaprine	2895
Cyclopentolate	2905
Cyclophosphamide	2907
Cycloserine	6234
Cyclosporine	5284373
Cyclosporine	6435893
Cyclosporine	5280754
Cyclosporine	62280
Cyclosporine	24883466
Cyclosporine	25246316
Cyclosporine	5497195
Cyclosporine	123134263
Cyclosporine	122172945
Cyclothiazide	2910
Cycrimine	2911
Cyproheptadine	2913
Cyproterone acetate	9880
Cysteamine	6058
Cytarabine	6253
Cytisine	10235
Cytisine	22407
Cytisine	442949
Cytisine	683511
Cytisine	6708720
Cytisine	1549781
Dabigatran etexilate	135565674
Dabrafenib	44462760
Dacarbazine	135398738
Dacarbazine	2942
Dactinomycin	457193
Dalfampridine	1727
Dalfopristin	6323289
Dalfopristin	21943994
Dalfopristin	124201618
Dalfopristin	5366
Dalfopristin	21943991
Dalfopristin	5353985
Dalfopristin	72734290
Dalfopristin	470125
Danazol	28417
Dantrolene	6914273
Dantrolene	5378825
Dantrolene	2952
Dapagliflozin	9887712
Dapiprazole	3033538
Dapsone	2955
Darifenacin	444031
Darunavir	213039
Dasatinib	3062316
Daunorubicin	30323
Debrisoquin	2966
Decamethonium	2968
Decitabine	451668
Deferasirox	214348
Deferiprone	2972
Deferoxamine	2973
Degarelix	16136245
Delavirdine	5625
Delorazepam	17925
Demecarium	5966
Demeclocycline	54680690
Demexiptiline	28876
Deserpidine	8550
Desflurane	42113
Desipramine	2995
Deslanoside	28620
Desloratadine	124087
Desmopressin	5311065
Desmopressin	27991
Desmopressin	16051933
Desogestrel	40973
Desonide	5311066
Desoximetasone	5311067
Desvenlafaxine	125017
Dexamethasone	5743
Dexbrompheniramine	16960
Dexfenfluramine	66265
Dexmedetomidine	5311068
Dexmethylphenidate	154101
Dexrazoxane	71384
Dextroamphetamine	5826
Dextromethorphan	5360696
Dextropropoxyphene	10100
Dextrothyroxine	8730
Dezocine	3033053
Diatrizoate	2140
Diazepam	3016
Diazoxide	3019
Diclofenac	3033
Diclofenamide	3038
Dicloxacillin	18381
Dicoumarol	54676038
Dicyclomine	3042
Didanosine	135398739
Dienestrol	667476
Diethylcarbamazine	3052
Diethylpropion	7029
Diethylstilbestrol	448537
Difenoxin	34328
Diflorasone	71415
Diflunisal	3059
Difluprednate	443936
Digitoxin	441207
Digoxin	2724385
Dihomo-gamma-linolenic acid	5280581
Dihydrocodeine	5284543
Dihydroergotamine	10531
Dihydrotachysterol	5311071
Dihydrotachysterol	3070
Dihydrotachysterol	21678311
Dihydrotachysterol	5353584
Dihydrotachysterol	46173763
Dihydrotachysterol	146159466
Dihydrotachysterol	5702045
Dihydrotachysterol	154701841
Dihydrotachysterol	163198899
Dihydrotachysterol	12310749
Dihydrotachysterol	134715456
Dihydrotachysterol	98298821
Dihydroxyaluminium	
Diloxanide	11367
Diltiazem	39186
Dimenhydrinate	10660
Dimercaprol	3080
Dimetacrine	94280
Dimethyl sulfoxide	679
Dimetindene	21855
Dimetotiazine	3089
Dinoprost Tromethamine	5282415
Dinoprostone	5280360
Diosmin	5281613
Diphemanil Methylsulfate	6126
Diphenhydramine	3100
Diphenidol	3055
Diphenoxylate	13505
Diphenylpyraline	3103
Dipivefrin	3105
Dipyridamole	3108
Dirithromycin	6473883
Dirithromycin	6917067
Dirithromycin	5464388
Dirithromycin	78358338
Dirithromycin	46705321
Dirithromycin	46783780
Dirithromycin	126968498
Dirithromycin	70789200
Dirithromycin	60148420
Dirithromycin	71729967
Dirithromycin	146159353
Dirithromycin	71306790
Dirithromycin	132274080
Dirithromycin	132274085
Dirithromycin	164186513
Dirithromycin	134693953
Dirithromycin	45105094
Dirithromycin	129629095
Dirithromycin	129009964
Disopyramide	3114
Disulfiram	3117
Ditazole	29088
Dobutamine	36811
Docetaxel	148124
Docosanol	12620
Dofetilide	71329
Dolasetron	3033818
Dolasetron	3033817
Dolutegravir	54726191
Domperidone	3151
Donepezil	3152
Dopamine	681
Dorzolamide	5284549
Doxacurium chloride	60168
Doxacurium chloride	5284551
Doxacurium chloride	5311076
Doxacurium chloride	145705978
Doxapram	3156
Doxazosin	3157
Doxepin	667477
Doxepin	667468
Doxepin	3158
Doxorubicin	31703
Doxycycline	54671203
Doxylamine	3162
Dronabinol	16078
Dronedarone	208898
Droperidol	3168
Drospirenone	68873
Drostanolone	6011
Drotaverine	1712095
Droxidopa	92974
Duloxetine	60835
Dutasteride	6918296
Dyclonine	3180
Dydrogesterone	9051
Dyphylline	3182
Ecabet	65781
Echothiophate	10548
Econazole	3198
Edetic Acid	6049
Edrophonium	3202
Efavirenz	64139
Eletriptan	77993
Eltrombopag	135449332
Emedastine	3219
Emtricitabine	60877
Enalapril	5388962
Encainide	48041
Enflurane	3226
Enoxacin	3229
Enoxaparin	772
Enoximone	53708
Enprofylline	1676
Entacapone	5281081
Entecavir	135398508
Enviomycin	
Enzalutamide	15951529
Eperisone	3236
Ephedrine	9294
Epinastine	3241
Epinephrine	5816
Epirizole	3242
Epirubicin	41867
Eplerenone	443872
Epoprostenol	5282411
Epoprostenol	6364626
Epoprostenol	67548346
Epoprostenol	21158562
Eprazinone	3245
Eprosartan	5281037
Equilin	223368
Ergocalciferol	5280793
Ergoloid mesylate	
Ergonovine	443884
Ergotamine	8223
Eribulin	11354606
Erlotinib	176870
Ertapenem	150610
Erythrityl Tetranitrate	5284553
Erythrityl Tetranitrate	23723
Erythromycin	12560
Escitalopram	146570
Esmolol	59768
Esomeprazole	9568614
Esomeprazole	4594
Esomeprazole	9579578
Estazolam	3261
Estradiol	5757
Estradiol valerate/Dienogest	9874560
Estramustine	259331
Estriol	5756
Estrone	5870
Estropipate	5284555
Eszopiclone	969472
Ethacrynic acid	3278
Ethambutol	14052
Ethanol	702
Ethanolamine Oleate	5282489
Ethchlorvynol	5281077
Ethinamate	3284
Ethinyl Estradiol	5991
Ethionamide	2761171
Ethopropazine	3290
Ethosuximide	3291
Ethotoin	3292
Ethyl loflazepate	3299
Ethylmorphine	5359271
Ethynodiol	14687
Etidocaine	37497
Etidronic acid	3305
Etodolac	3308
Etofenamate	35375
Etofibrate	65777
Etomidate	667484
Etomidate	36339
Etomidate	6338045
Etonogestrel	6917715
Etoposide	36462
Etoricoxib	123619
Etozoline	5743585
Etozoline	5384145
Etozoline	6304
Etravirine	193962
Everolimus	6442177
Exemestane	60198
Ezetimibe	150311
Ezogabine	121892
Famciclovir	3324
Famotidine	5702160
Famotidine	3325
Famotidine	5353622
Felbamate	3331
Felodipine	3333
Felypressin	14257662
Felypressin	5956
Felypressin	66577116
Felypressin	134129845
Fenbufen	3335
Fencamfamine	14584
Fenethylline	19527
Fenofibrate	3339
Fenoldopam	3341
Fenoprofen	3342
Fenoterol	3343
Fenproporex	61810
Fenspiride	3344
Fentanyl	3345
Fesoterodine	6918558
Fexofenadine	3348
Fidaxomicin	10034073
Fidaxomicin	46174142
Fidaxomicin	151383
Fidaxomicin	91885501
Fidaxomicin	102580518
Fidaxomicin	70678896
Fidaxomicin	135391138
Fidaxomicin	23305223
Fidaxomicin	132472265
Fidaxomicin	156620959
Fidaxomicin	117590639
Fidaxomicin	131668620
Finasteride	57363
Fingolimod	107970
Flavin adenine dinucleotide	643975
Flavin adenine dinucleotide	15938970
Flavin adenine dinucleotide	46906035
Flavoxate	3354
Flecainide	3356
Floctafenine	3360
Floxuridine	5790
Flubendazole	35802
Flucloxacillin	21319
Fluconazole	3365
Flucytosine	3366
Fludarabine	657237
Fludiazepam	3369
Fludrocortisone	31378
Flumazenil	3373
Flumethasone Pivalate	443980
Flunarizine	941361
Flunisolide	82153
Flunitrazepam	3380
Fluocinolone Acetonide	6215
Fluocinonide	9642
Fluocortolone	9053
Fluorescein	16850
Fluorometholone	9878
Fluorouracil	3385
Fluoxetine	3386
Fluoxymesterone	6446
Flupentixol	5281881
Flupentixol	17012
Flupentixol	5281878
Fluphenazine	3372
Flupirtine	53276
Fluprednidene Acetate	9980241
Fluprednidene Acetate	60196346
Fluprednidene Acetate	86331942
Fluprednidene Acetate	134688506
Fluprednidene Acetate	163199156
Flurandrenolide	15209
Flurazepam	3393
Flurbiprofen	3394
Fluspirilene	3396
Flutamide	3397
Fluticasone Propionate	444036
Fluticasone furoate	9854489
Fluvastatin	446155
Fluvastatin	23663976
Fluvastatin	37888681
Fluvoxamine	5324346
Folic Acid	135398658
Fomepizole	3406
Fominoben	3407
Fondaparinux sodium	636380
Forasartan	132706
Formestane	11273
Formoterol	3410
Formoterol	3083544
Formoterol	3034756
Fosamprenavir	131536
Fosaprepitant	135413538
Foscarnet	3415
Fosfomycin	446987
Fosinopril	55891
Fosinopril	9601226
Fosinopril	6708482
Fosinopril	3420
Fosinopril	9872634
Fosinopril	146160312
Fosinopril	45357796
Fosinopril	134715568
Fosphenytoin	56339
Fospropofol	3038498
Framycetin	8378
Frovatriptan	77992
Fulvestrant	104741
Furazolidone	5323714
Furazolidone	3435
Furazolidone	5353636
Furosemide	3440
Fursultiamine	3002119
Fusafungine	3084092
Fusidic Acid	3000226
Gabapentin	3446
Gadobenate Dimeglumine	105125
Gadobenate Dimeglumine	6918204
Gadobenate Dimeglumine	131700865
Gadobenate Dimeglumine	24838350
Gadobenate Dimeglumine	73940219
Gadobenate Dimeglumine	129628281
Gadobutrol	6102852
Gadobutrol	15814656
Gadobutrol	86767262
Gadobutrol	70678987
Gadobutrol	154573744
Gadobutrol	189914
Gadobutrol	155907170
Gadobutrol	156599202
Gadobutrol	155802509
Gadobutrol	155903675
Gadodiamide	153921
Gadodiamide	60754
Gadodiamide	91872893
Gadodiamide	24847884
Gadodiamide	71775015
Gadodiamide	76964236
Gadodiamide	123134693
Gadodiamide	24838310
Gadodiamide	101673418
Gadodiamide	91810853
Gadodiamide	156026237
Gadodiamide	134819268
Gadofosveset trisodium	73049652
Gadofosveset trisodium	138113342
Gadofosveset trisodium	91754428
Gadofosveset trisodium	23724913
Gadopentetate dimeglumine	
Gadoteridol	60714
Gadoteridol	44144429
Gadoteridol	92043200
Gadoteridol	134819269
Gadoteridol	60148448
Gadoteridol	129009859
Gadoteridol	85117145
Gadoteridol	16757547
Gadoversetamide	444013
Gadoversetamide	90469695
Gadoversetamide	6435809
Gadoversetamide	23581832
Gadoxetate	56841043
Gadoxetate	131704314
Galantamine	9651
Gallamine Triethiodide	6172
Gallium nitrate	61635
Gamma Hydroxybutyric Acid	10413
Ganciclovir	135398740
Gatifloxacin	5379
Gefitinib	123631
Gemcitabine	60750
Gemfibrozil	3463
Gemifloxacin	9571107
Gemifloxacin	5464436
Gemifloxacin	72938
Gemifloxacin	29980780
Gentamicin	3467
Gentamicin	72395
Gentamicin	441305
Gentamicin	146157093
Gentian Violet	11057
Gestodene	3033968
Gliclazide	3475
Glimepiride	3476
Glipizide	3478
Gliquidone	91610
Glisoxepide	32778
Glucosamine	439213
Glutathione	124886
Glutethimide	3487
Glyburide	3488
Glycerol Phenylbutyrate	10482134
Glycine	750
Glycodiazine	9565
Glycopyrrolate	11693
Gonadorelin	638793
Goserelin	5311128
Granisetron	5284566
Granisetron	86287410
Griseofulvin	441140
Guaifenesin	3516
Guanabenz	5702063
Guanabenz	3517
Guanabenz	5353646
Guanadrel	38521
Guanethidine	3518
Guanfacine	3519
Guanidine	3520
Halazepam	31640
Halobetasol Propionate	6918178
Halobetasol Propionate	48175
Halobetasol Propionate	4474064
Halobetasol Propionate	145706202
Halobetasol Propionate	126969105
Halobetasol Propionate	133662452
Halobetasol Propionate	129364810
Halobetasol Propionate	129009989
Halofantrine	37393
Haloperidol	3559
Haloprogin	3561
Halothane	3562
Heptabarbital	10518
Heroin	5462328
Hesperetin	72281
Hetacillin	443387
Hexachlorophene	3598
Hexafluronium	3601
Hexetidine	3607
Hexobarbital	3608
Hexoprenaline	3609
Hexylcaine	10770
Histamine Phosphate	65513
Homatropine Methylbromide	10429215
Homatropine Methylbromide	6646
Homatropine Methylbromide	5702066
Homatropine Methylbromide	73416022
Homatropine Methylbromide	60148388
Homoharringtonine	285033
Hydralazine	3637
Hydrochlorothiazide	3639
Hydrocodone	5284569
Hydrocortamate	84088
Hydrocortisone	5754
Hydroflumethiazide	3647
Hydromorphone	5284570
Hydroxocobalamin	70689311
Hydroxocobalamin	45357193
Hydroxocobalamin	44475014
Hydroxocobalamin	92132748
Hydroxocobalamin	70678542
Hydroxocobalamin	50935334
Hydroxocobalamin	146156970
Hydroxocobalamin	146014417
Hydroxocobalamin	24892771
Hydroxocobalamin	126480146
Hydroxocobalamin	134820153
Hydroxocobalamin	129893562
Hydroxocobalamin	163196529
Hydroxocobalamin	155903721
Hydroxocobalamin	16056828
Hydroxocobalamin	71774773
Hydroxocobalamin	6474319
Hydroxychloroquine	3652
Hydroxyproline	5810
Hydroxystilbamidine Isethionate	135460345
Hydroxyurea	3657
Hydroxyzine	3658
Hyoscyamine	154417
Hyoscyamine	174174
Hyoscyamine	64692
Hyoscyamine	3661
Hyoscyamine	5318386
Hyoscyamine	6931560
Hyoscyamine	637577
Ibandronate	60852
Ibudilast	3671
Ibuprofen	3672
Ibutilide	60753
Icatibant	6918173
Icatibant	71364
Icatibant	90488794
Icatibant	14724482
Icosapent	446284
Icosapent ethyl	9831415
Idarubicin	42890
Idoxuridine	5905
Ifenprodil	3689
Ifosfamide	3690
Iloperidone	71360
Iloprost	5311181
Iloprost	6435378
Iloprost	53394043
Iloprost	53486260
Iloprost	89077401
Iloprost	51397006
Iloprost	54313
Iloprost	134694981
Iloprost	91746214
Imatinib	5291
Imipenem	104838
Imipramine	3696
Imiquimod	57469
Incadronate	6918123
Incadronate	3699
Incadronate	24892843
Indacaterol	6918554
Indapamide	3702
Indecainide	52195
Indinavir	5362440
Indomethacin	3715
Ingenol Mebutate	6918670
Ingenol Mebutate	46174141
Ingenol Mebutate	23581946
Ingenol Mebutate	138756126
Ingenol Mebutate	146171122
Ingenol Mebutate	124397053
Inulin	
Iobenguane	60860
Iodipamide	3739
Iodixanol	3724
Ioflupane I 123	3086674
Iohexol	3730
Iopamidol	65492
Iopanoic acid	3735
Iophendylate	
Ipratropium bromide	657308
Ipratropium bromide	31098
Ipratropium bromide	5702073
Ipratropium bromide	11553369
Ipratropium bromide	124080907
Irbesartan	3749
Irinotecan	60838
Iron	23925
Isoaminile	6481
Isocarboxazid	3759
Isoconazole	3760
Isoetarine	3762
Isoflurane	3763
Isoflurophate	5936
Isometheptene	22297
Isoniazid	3767
Isoprenaline	3779
Isopropamide	3775
Isosorbide Dinitrate	6883
Isosorbide Mononitrate	27661
Isothipendyl	3781
Isotretinoin	5282379
Isoxsuprine	3783
Isradipine	3784
Itraconazole	55283
Itraconazole	3793
Itraconazole	6917738
Itraconazole	14179013
Itraconazole	45039617
Itraconazole	14179008
Ivacaftor	16220172
Ivermectin	6321424
Ivermectin	4330618
Ivermectin	11957587
Ivermectin	71308642
Ivermectin	6419971
Ivermectin	45114068
Ivermectin	146159550
Ivermectin	6427057
Ivermectin	155970341
Ivermectin	134687046
Ivermectin	135391144
Ivermectin	70678372
Ivermectin	164186531
Ivermectin	122172888
Ivermectin	124870718
Ivermectin	57182275
Ivermectin	3085416
Ivermectin	124870720
Ixabepilone	6445540
Josamycin	5282165
Josamycin	5284579
Josamycin	28107
Josamycin	6419972
Josamycin	5474986
Josamycin	137706167
Josamycin	122174042
Josamycin	126969097
Josamycin	134692189
Kanamycin	6032
Ketamine	3821
Ketazolam	33746
Ketobemidone	10101
Ketoconazole	456201
Ketoconazole	47576
Ketoconazole	3823
Ketoconazole	5702077
Ketoconazole	73951506
Ketoprofen	3825
Ketorolac	3826
Ketotifen	3827
L-Alanine	5950
L-Arginine	6322
L-Asparagine	6267
L-Aspartic Acid	5960
L-Carnitine	10917
L-Citrulline	9750
L-Cysteine	5862
L-Cystine	67678
L-DOPA	6047
L-Glutamine	5961
L-Histidine	6274
L-Isoleucine	6306
L-Leucine	6106
L-Lysine	5962
L-Methionine	6137
L-Ornithine	6262
L-Phenylalanine	6140
L-Proline	145742
L-Serine	5951
L-Threonine	6288
L-Tryptophan	6305
L-Tyrosine	6057
L-Valine	6287
LULICONAZOLE	3003141
Labetalol	3869
Lacosamide	219078
Lactulose	11333
Lactulose	3872
Lactulose	11024312
Lactulose	16217605
Lactulose	131839611
Lamivudine	60825
Lamotrigine	3878
Lansoprazole	3883
Lapatinib	208908
Latamoxef	47499
Latanoprost	5311221
Leflunomide	3899
Lenalidomide	216326
Lercanidipine	65866
Letrozole	3902
Leucovorin	135403648
Levallorphan	5359371
Levetiracetam	5284583
Levobunolol	39468
Levobupivacaine	92253
Levocabastine	54385
Levofloxacin	149096
Levomethadyl Acetate	15130
Levomilnacipran	6917779
Levomilnacipran	65833
Levomilnacipran	11622909
Levomilnacipran	55481
Levomilnacipran	13208116
Levonordefrin	164739
Levonorgestrel	13109
Levorphanol	5359272
Levosimendan	3033825
Levothyroxine	5819
Lidocaine	3676
Linaclotide	16158208
Linaclotide	57458936
Linaclotide	92044408
Linaclotide	137699188
Linaclotide	131673845
Linagliptin	10096344
Lincomycin	3000540
Lindane	727
Linezolid	441401
Liothyronine	5920
Liotrix	71371
Lipoic Acid	6112
Lipoic Acid	864
Lipoic Acid	445125
Lisdexamfetamine	11597698
Lisinopril	5362119
Lisuride	28864
Lithium	3028194
Lofexidine	30668
Lomefloxacin	3948
Lomitapide	9853053
Lomustine	3950
Loperamide	3955
Lopinavir	92727
Loratadine	3957
Lorazepam	3958
Lornoxicam	54690031
Losartan	3961
Loteprednol	9865442
Lovastatin	53232
Loxapine	3964
Lubiprostone	157920
Lucanthone	10180
Lumefantrine	6437380
Lumiracoxib	151166
Lurasidone	213046
Lymecycline	54707177
Lymecycline	54714462
Lymecycline	54687131
Lymecycline	146160332
Lymecycline	154730852
Lymecycline	133562720
MACITENTAN	16004692
Mafenide	3998
Magnesium Sulfate	24083
Magnesium oxide	
Magnesium salicylate	54684589
Magnesium salicylate	64738
Magnesium salicylate	54708862
Magnesium salicylate	24871323
Magnesium salicylate	3045402
Magnesium salicylate	5282387
Malathion	4004
Mannitol	6251
Maprotiline	4011
Maraviroc	3002977
Marimastat	119031
Masoprocol	71398
Mazindol	4020
Mebendazole	4030
Mecamylamine	4032
Mechlorethamine	4033
Meclizine	4034
Meclofenamic acid	4037
Medroxyprogesterone Acetate	6279
Medrysone	247839
Mefenamic acid	4044
Mefloquine	4046
Mefloquine	40692
Mefloquine	456309
Mefloquine	3000516
Mefloquine	3000506
Mefloquine	12986439
Megestrol acetate	11683
Melatonin	896
Meloxicam	54677470
Melphalan	460612
Memantine	4054
Menadione	4055
Menthol	1254
Mepenzolate	4057
Mephentermine	3677
Mepivacaine	4062
Meprobamate	4064
Mepyramine	4992
Mequitazine	4066
Mercaptopurine	667490
Meropenem	441130
Mesalazine	4075
Mesoridazine	4078
Mestranol	6291
Metaraminol	5906
Metaxalone	15459
Metformin	4091
Methacholine	1993
Methacycline	54675785
Methadone	4095
Methadyl Acetate	10517
Methamphetamine	10836
Methantheline	4097
Methazolamide	4100
Methdilazine	14677
Methimazole	1349907
Methocarbamol	4107
Methohexital	9034
Methotrexate	126941
Methotrimeprazine	72287
Methoxamine	6082
Methoxsalen	4114
Methoxyflurane	4116
Methsuximide	6476
Methyclothiazide	4121
Methyl aminolevulinate	157922
Methyldopa	38853
Methylergometrine	8226
Methylnaltrexone	5361918
Methylphenidate	4158
Methylphenobarbital	8271
Methylprednisolone	6741
Methylscopolamine bromide	23724781
Methylscopolamine bromide	5459110
Methyltestosterone	6010
Methyprylon	4162
Methysergide	9681
Meticillin	6087
Metipranolol	31477
Metixene	4167
Metoclopramide	4168
Metocurine	21233
Metolazone	4170
Metoprolol	4171
Metrizamide	443944
Metronidazole	4173
Metyrapone	4174
Metyrosine	441350
Mexiletine	4178
Mezlocillin	656511
Mianserin	4184
Micafungin	477468
Miconazole	4189
Midazolam	4192
Midodrine	4195
Mifepristone	55245
Miglitol	441314
Miglustat	51634
Milnacipran	65833
Milrinone	4197
Mimosine	440473
Mimosine	3862
Minaprine	4199
Minocycline	54675783
Minoxidil	4201
Mirabegron	9865528
Mirtazapine	4205
Misoprostol	5282381
Mitiglinide	121891
Mitomycin	5746
Mitotane	4211
Mitoxantrone	4212
Mivacurium	5281042
Moclobemide	4235
Modafinil	4236
Moexipril	91270
Molindone	23897
Mometasone	441335
Monobenzone	7638
Montelukast	5281040
Moricizine	34633
Morphine	5288826
Moxifloxacin	152946
Mupirocin	446596
Mycophenolate mofetil	5281078
Mycophenolic acid	446541
N-Acetyl-D-glucosamine	439174
Nabilone	5284592
Nabumetone	4409
Nadolol	39147
Nafarelin	25077405
Nafcillin	8982
Naftifine	47641
Nalbuphine	5311304
Nalidixic Acid	4421
Naloxone	5284596
Naltrexone	5360515
Nandrolone decanoate	9677
Nandrolone phenpropionate	229455
Naphazoline	4436
Naproxen	156391
Naratriptan	4440
Natamycin	5284447
Natamycin	5281099
Natamycin	9939594
Natamycin	4283516
Natamycin	71308755
Natamycin	57417192
Natamycin	6473973
Natamycin	6057875
Natamycin	2723719
Natamycin	146159711
Natamycin	71306823
Natamycin	75534860
Natamycin	66509030
Natamycin	134751826
Natamycin	133053818
Natamycin	16102132
Natamycin	92023654
Natamycin	138393806
Natamycin	138403275
Natamycin	90489753
Natamycin	23835497
Nateglinide	5311309
Nebivolol	71301
Nebivolol	9844194
Nebivolol	189562
Nebivolol	71750969
Nebivolol	118422671
Nedocromil	50294
Nefazodone	4449
Nelarabine	3011155
Nelfinavir	64143
Neomycin	8378
Neostigmine	4456
Nepafenac	151075
Netilmicin	441306
Nevirapine	4463
Niacin	938
Nicardipine	4474
Nicergoline	34040
Niclosamide	4477
Nicotine	89594
Nifedipine	4485
Niflumic Acid	4488
Nilotinib	644241
Nilutamide	4493
Nilvadipine	4494
Nimodipine	4497
Nisoldipine	4499
Nitazoxanide	41684
Nitisinone	115355
Nitrazepam	4506
Nitrendipine	4507
Nitric Oxide	145068
Nitrofural	5447130
Nitrofurantoin	6604200
Nitroglycerin	4510
Nitroprusside	
Nitroxoline	19910
Nizatidine	3033637
Nonoxynol-9	72385
Norelgestromin	9568628
Norelgestromin	62930
Norelgestromin	6537152
Norelgestromin	13752005
Norelgestromin	90473211
Norepinephrine	439260
Norethindrone	6230
Norfloxacin	4539
Norgestimate	6540478
Norgestimate	5360970
Norgestimate	9601086
Norgestimate	37083
Norgestimate	11773081
Norgestimate	146158693
Norgestimate	89386
Norgestimate	5311328
Norgestimate	133611887
Norgestimate	98042564
Norgestimate	45359047
Nortriptyline	4543
Novobiocin	54675769
Nystatin	6433272
Nystatin	11286230
Nystatin	5702099
Nystatin	16219709
Nystatin	44424838
Nystatin	24840667
Nystatin	146156144
Nystatin	4568
Nystatin	129627734
Nystatin	73952271
Nystatin	133124921
Nystatin	162343947
Nystatin	138403272
Nystatin	102090452
Nystatin	60196358
Nystatin	5311331
Nystatin	146679386
Nystatin	14960
Octreotide	448601
Octreotide	383414
Octreotide	6400441
Octreotide	44420813
Octreotide	90488715
Octreotide	44311916
Octreotide	86289069
Octreotide	155903738
Ofloxacin	4583
Olanzapine	135398745
Olmesartan	158781
Olopatadine	5281071
Olsalazine	22419
Omeprazole	4594
Ondansetron	4595
Orciprenaline	4086
Oritavancin	16136912
Orlistat	3034010
Orphenadrine	4601
Oseltamivir	65028
Ospemifene	3036505
Ouabain	439501
Oxacillin	6196
Oxaliplatin	9887053
Oxamniquine	4612
Oxandrolone	5878
Oxaprozin	4614
Oxazepam	4616
Oxcarbazepine	34312
Oxiconazole	5353853
Oxitriptan	439280
Oxprenolol	4631
Oxtriphylline	656652
Oxybenzone	4632
Oxybuprocaine	4633
Oxybutynin	4634
Oxycodone	5284603
Oxymetazoline	4636
Oxymorphone	5284604
Oxyphencyclimine	4642
Oxyphenonium	5749
Oxytetracycline	54675779
Paclitaxel	36314
Paliperidone	115237
Palonosetron	6337614
Pamidronate	4674
Pancuronium	441289
Pantoprazole	4679
Papaverine	4680
Paramethadione	8280
Paramethasone	5875
Pargyline	4688
Paricalcitol	5281104
Paromomycin	165580
Paroxetine	43815
Pasireotide	9941444
Pazopanib	10113978
Pefloxacin	51081
Pemetrexed	135410875
Pemirolast	57697
Penbutolol	37464
Penciclovir	135398748
Penicillamine	5852
Penicillin V	6869
Pentagastrin	9853654
Pentamidine	4735
Pentazocine	441278
Pentobarbital	4737
Pentolinium	5850
Pentosan Polysulfate	37720
Pentostatin	439693
Pentoxifylline	4740
Peramivir	154234
Perflutren	6432
Pergolide	47811
Perhexiline	4746
Perindopril	107807
Permethrin	40326
Perphenazine	4748
Pethidine	4058
Phenacemide	4753
Phenazopyridine	4756
Phendimetrazine	30487
Phendimetrazine	12460
Phenelzine	3675
Phenformin	8249
Phenindamine	11291
Phenindione	4760
Pheniramine	4761
Phenmetrazine	4762
Phenobarbital	4763
Phenol	996
Phenoxybenzamine	4768
Phenprocoumon	54680692
Phensuximide	6839
Phentermine	4771
Phentolamine	5775
Phenylbutazone	4781
Phenylephrine	6041
Phenylpropanolamine	26934
Phenylpropanolamine	4786
Phenylpropanolamine	10297
Phenylpropanolamine	162265
Phenytoin	1775
Phosphatidylserine	9547096
Phosphatidylserine	10417847
Phosphatidylserine	133612130
Phylloquinone	5284607
Physostigmine	5983
Pilocarpine	5910
Pimecrolimus	6509979
Pimecrolimus	6447131
Pimecrolimus	16051947
Pimecrolimus	53486290
Pimecrolimus	17753757
Pimecrolimus	129010022
Pimecrolimus	102572331
Pimecrolimus	53394893
Pimecrolimus	146157034
Pimecrolimus	134694728
Pimecrolimus	134129698
Pimecrolimus	131750284
Pimecrolimus	73897257
Pimecrolimus	148161124
Pimecrolimus	129317859
Pimecrolimus	126969212
Pimecrolimus	133659920
Pimozide	16362
Pindolol	4828
Pioglitazone	4829
Pipazethate	22425
Pipecuronium	50192
Piperacillin	43672
Piperazine	4837
Pipobroman	4842
Pipotiazine	62867
Pirbuterol	4845
Pirenzepine	4848
Piroxicam	54676228
Pitavastatin	5282452
Pivampicillin	33478
Pivmecillinam	115163
Plerixafor	65015
Plicamycin	163659
Plicamycin	457831
Plicamycin	5284610
Plicamycin	6326719
Plicamycin	230076
Plicamycin	146157736
Podofilox	10607
Polidocanol	656641
Polymyxin B Sulfate	
Polythiazide	4870
Pomalidomide	134780
Ponatinib	24826799
Porfimer	
Posaconazole	468595
Potassium Canrenoate	23671691
Potassium Canrenoate	16219160
Potassium Chloride	4873
Potassium Iodide	4875
Practolol	4883
Pralatrexate	148121
Pralidoxime	135398747
Pralidoxime	135484646
Pralidoxime	4884
Pramipexole	119570
Pranlukast	4887
Prasugrel	6918456
Pravastatin	54687
Prazepam	4890
Praziquantel	4891
Prazosin	4893
Prednicarbate	6714002
Prednisolone	5755
Prednisone	5865
Pregabalin	5486971
Prilocaine	4906
Primaquine	4908
Primidone	4909
Probenecid	4911
Probucol	4912
Procainamide	4913
Procaine	4914
Procarbazine	4915
Procaterol	4916
Procaterol	688561
Procaterol	688563
Prochlorperazine	4917
Procyclidine	4919
Proflavine	7099
Progabide	44115
Progesterone	5994
Proguanil	6178111
Promazine	4926
Promethazine	4927
Propafenone	4932
Propantheline	4934
Proparacaine	4935
Propericiazine	4747
Propiomazine	4940
Propofol	4943
Propranolol	4946
Propylhexedrine	7558
Propylthiouracil	657298
Protriptyline	4976
Pseudoephedrine	7028
Pyrazinamide	1046
Pyridostigmine	4991
Pyridoxal	1050
Pyridoxine	1054
Pyrimethamine	4993
Pyruvic acid	1060
Quazepam	4999
Quetiapine	5002
Quinacrine	237
Quinapril	54892
Quinestrol	9046
Quinethazone	6307
Quinidine	441074
Quinidine	1065
Quinidine	3036746
Quinidine	5953
Quinidine	10448938
Quinidine	24096961
Quinidine	6604605
Quinidine	667449
Quinidine	3032576
Quinidine	5484444
Quinidine	94175
Quinidine	24867865
Quinidine barbiturate	53461739
Quinine	3034034
Quinupristin	5388937
Quinupristin	71338
Quinupristin	71307528
Quinupristin	470126
Quinupristin	23724509
Quinupristin	146681110
Quinupristin	138394214
Rabeprazole	5029
Radium Ra 223 Dichloride	
Raloxifene	5035
Raltegravir	54671008
Raltitrexed	135400182
Ramelteon	208902
Ramipril	5362129
Ranitidine	3001055
Ranolazine	56959
Rasagiline	3052776
Reboxetine	127151
Regadenoson	219024
Regorafenib	11167602
Remifentanil	60815
Remikiren	6324659
Remoxipride	54477
Repaglinide	65981
Rescinnamine	5280954
Reserpine	5770
Retapamulin	6918462
Ribavirin	37542
Riboflavin	493570
Ridogrel	5362391
Rifabutin	135398743
Rifabutin	135950975
Rifabutin	135458645
Rifabutin	136117120
Rifabutin	136257950
Rifabutin	137313637
Rifabutin	135925740
Rifabutin	137295261
Rifampicin	135398735
Rifampicin	135550179
Rifampicin	135876149
Rifampicin	135900090
Rifampicin	135925261
Rifampicin	135512673
Rifampicin	135921134
Rifampicin	136122621
Rifampicin	135449527
Rifampicin	135932822
Rifampicin	135925741
Rifampicin	136246612
Rifampicin	135441414
Rifampicin	136601293
Rifampicin	137287990
Rifampicin	137270779
Rifampicin	137286743
Rifampicin	136619758
Rifampicin	154825551
Rifampicin	136709103
Rifapentine	135403821
Rifapentine	135659016
Rifapentine	136073066
Rifapentine	136238508
Rifapentine	135968625
Rifapentine	136122663
Rifapentine	136246610
Rifapentine	135448133
Rifapentine	135925739
Rifapentine	135749824
Rifapentine	137030254
Rifapentine	138404395
Rifapentine	137235501
Rifapentine	137091916
Rifapentine	135887820
Rifaximin	6436173
Rifaximin	46783403
Rifaximin	16667733
Rifaximin	57507834
Rifaximin	72698618
Rifaximin	72111
Rifaximin	71296876
Rifaximin	122361733
Rifaximin	44384716
Rifaximin	66577007
Rifaximin	101307877
Rifaximin	135391139
Rifaximin	134754217
Rifaximin	134754219
Rilpivirine	6451164
Riluzole	5070
Rimantadine	5071
Rimexolone	5311412
Rimonabant	104850
Risedronate	5245
Risperidone	5073
Ritodrine	33572
Ritodrine	688570
Ritodrine	31729
Ritonavir	392622
Rivaroxaban	9875401
Rivastigmine	77991
Rizatriptan	5078
Rocuronium	441290
Roflumilast	449193
Rolitetracycline	54682938
Ropinirole	5095
Ropivacaine	175805
Rosiglitazone	77999
Rosoxacin	287180
Rosuvastatin	446157
Rotigotine	59227
Roxatidine acetate	5105
Roxithromycin	6915744
Roxithromycin	5480431
Roxithromycin	9567573
Roxithromycin	444037
Roxithromycin	5106
Roxithromycin	46705420
Roxithromycin	5353933
Roxithromycin	126969152
Roxithromycin	25102720
Roxithromycin	5362068
Roxithromycin	73759751
Roxithromycin	45588114
Roxithromycin	135391136
Roxithromycin	133611834
Roxithromycin	5837004
Roxithromycin	139592915
Roxithromycin	122172998
Rufinamide	129228
Ruxolitinib	25126798
S-Adenosylmethionine	34755
S-Adenosylmethionine	34756
S-Adenosylmethionine	24762165
S-Adenosylmethionine	56593143
SIMEPREVIR	24873435
SIMEPREVIR	66576988
SIMEPREVIR	66811198
SIMEPREVIR	118984465
SIMEPREVIR	134695356
SIMEPREVIR	66811197
SIMEPREVIR	146160179
SIMEPREVIR	74787539
SIMEPREVIR	122172922
Salbutamol	2083
Salicylamide	5147
Salicylate-sodium	
Salicylic acid	338
Salmeterol	5152
Salsalate	5161
Saprisartan	60921
Saquinavir	441243
Saxagliptin	11243969
Saxagliptin	11235729
Saxagliptin	58391580
Saxagliptin	66576989
Saxagliptin	98047158
Saxagliptin	129009973
Saxagliptin	134694638
Saxagliptin	129317852
Scopolamine	3000322
Scopolamine	5184
Scopolamine	153311
Scopolamine	11968014
Scopolamine	6451257
Scopolamine	2723877
Scopolamine	6432494
Scopolamine	452977
Scopolamine	5284456
Scopolamine	9916237
Scopolamine	638340
Scopolamine	16399351
Scopolamine	134767951
Secobarbital	5193
Selegiline	26757
Selenium Sulfide	24011
Sertaconazole	65863
Sertindole	60149
Sertraline	68617
Sevelamer	3085017
Sevoflurane	5206
Sibutramine	5210
Sildenafil	135398744
Silodosin	5312125
Silver sulfadiazine	441244
Silver sulfadiazine	452254
Silver sulfadiazine	5459124
Silver sulfadiazine	31011
Silver sulfadiazine	5215
Simvastatin	54454
Sirolimus	5284616
Sitagliptin	4369359
Sitaxentan	216235
Sodium Tetradecyl Sulfate	23665770
Sodium bicarbonate	516892
Sodium lauryl sulfate	3423265
Sodium stibogluconate	16683012
Sofosbuvir	45375808
Sofosbuvir	45375806
Sofosbuvir	129010435
Sofosbuvir	91302628
Sofosbuvir	67438469
Sofosbuvir	73425384
Solifenacin	154059
Sorafenib	216239
Sotalol	5253
Spaglumic Acid	188803
Sparfloxacin	60464
Spectinomycin	15541
Spermine	1103
Spinosad	
Spirapril	5311447
Spironolactone	5833
Stanozolol	25249
Stavudine	18283
Stepronin	54120
Streptomycin	19649
Streptozocin	29327
Streptozocin	2733335
Streptozocin	5300
Streptozocin	6713972
Streptozocin	7067772
Streptozocin	134695375
Streptozocin	138403271
Succimer	2724354
Succinic acid	1110
Succinylcholine	5314
Sucralfate	
Sufentanil	41693
Sulfacetamide	5320
Sulfacytine	5322
Sulfadiazine	5215
Sulfadimethoxine	5323
Sulfadoxine	17134
Sulfamerazine	5325
Sulfamethazine	5327
Sulfamethizole	5328
Sulfamethoxazole	5329
Sulfametopyrazine	9047
Sulfamoxole	12894
Sulfanilamide	5333
Sulfaphenazole	5335
Sulfapyridine	5336
Sulfasalazine	5339
Sulfathiazole	5340
Sulfinpyrazone	5342
Sulfisoxazole	5344
Sulfoxone	5351
Sulindac	1548887
Sulpiride	5355
Sumatriptan	5358
Sunitinib	5329102
Suprofen	5359
Suramin	5361
Tacrolimus	445643
Tadalafil	110635
Tafluprost	9868491
Talbutal	8275
Tamibarotene	108143
Tamoxifen	2733526
Tamsulosin	129211
Tapentadol	9838022
Tasosartan	60919
Tauroursodeoxycholic acid	9848818
Tazarotene	5381
Tazobactam	123630
Telaprevir	3010818
Telavancin	3081362
Telbivudine	159269
Telithromycin	3002190
Telithromycin	11693521
Telithromycin	46783745
Telithromycin	92043103
Telithromycin	73658
Telithromycin	70789201
Telithromycin	5496803
Telithromycin	24847865
Telithromycin	23958736
Telithromycin	91810863
Telithromycin	71306735
Telithromycin	22525209
Telithromycin	71296916
Telithromycin	118701745
Telithromycin	16667730
Telithromycin	134695314
Telithromycin	138402871
Telmisartan	65999
Temazepam	5391
Temozolomide	5394
Temsirolimus	6918289
Temsirolimus	18293306
Temsirolimus	23724530
Temsirolimus	53486199
Temsirolimus	148191
Temsirolimus	86287409
Temsirolimus	129317846
Temsirolimus	71433778
Temsirolimus	23308413
Temsirolimus	71312019
Temsirolimus	86277830
Temsirolimus	137295275
Temsirolimus	54608508
Temsirolimus	145712265
Temsirolimus	163359784
Temsirolimus	132274070
Teniposide	452548
Tenofovir	464205
Tenoxicam	54677971
Terazosin	5401
Terbinafine	1549008
Terbutaline	5403
Terconazole	441383
Terlipressin	72081
Testolactone	13769
Testosterone	6013
Testosterone Propionate	5995
Tetrabenazine	6018
Tetracycline	54675776
Tetrahydrobiopterin	135402045
Tetrahydrobiopterin	135398654
Tetrahydrobiopterin	136153088
Tetrahydrofolic acid	135444742
Thalidomide	5426
Theobromine	5429
Theophylline	2153
Thiabendazole	5430
Thiamine	1130
Thiamylal	3032285
Thiopental	3000715
Thioproperazine	9429
Thioridazine	5452
Thiotepa	5453
Thiothixene	941651
Thiothixene	941650
Thiothixene	5454
Tiagabine	60648
Tiaprofenic acid	5468
Ticagrelor	9871419
Ticarcillin	36921
Ticlopidine	5472
Tigecycline	54686904
Tiludronate	60937
Timolol	33624
Tinidazole	5479
Tioconazole	5482
Tioguanine	2723601
Tiotropium	5487427
Tipranavir	54682461
Tirofiban	60947
Tizanidine	5487
Tobramycin	36294
Tocainide	38945
Tofisopam	5502
Tolazamide	5503
Tolazoline	5504
Tolbutamide	5505
Tolcapone	4659569
Tolmetin	5509
Tolnaftate	5510
Tolterodine	443879
Tolvaptan	216237
Topiramate	5284627
Topotecan	60700
Torasemide	41781
Toremifene	3005573
Trabectedin	108150
Tramadol	33741
Trametinib	11707110
Trandolapril	5484727
Tranexamic Acid	5526
Tranylcypromine	19493
Tranylcypromine	5530
Tranylcypromine	441233
Tranylcypromine	26070
Travoprost	5282226
Trazodone	5533
Treprostinil	6918140
Tretinoin	444795
Triamcinolone	31307
Triamterene	5546
Triazolam	5556
Trichlormethiazide	5560
Triclosan	5564
Trifluoperazine	5566
Triflupromazine	5568
Trifluridine	6256
Trihexyphenidyl	5572
Trilostane	656583
Trimethadione	5576
Trimethaphan	23576
Trimethobenzamide	5577
Trimethoprim	5578
Trimetrexate	5583
Trimipramine	5584
Trioxsalen	5585
Tripelennamine	5587
Triprolidine	5282443
Trisalicylate-choline	54682045
Troleandomycin	202225
Tropicamide	5593
Trospium	5284632
Trovafloxacin	62959
Tubocurarine	6000
Tyloxapol	71388
Tyloxapol	16219992
Tyloxapol	8814
Tymazoline	34154
Udenafil	135413547
Uracil mustard	6194
Ursodeoxycholic acid	31401
Valaciclovir	135398742
Valganciclovir	135413535
Valproic Acid	3121
Valrubicin	454216
Valsartan	60846
Vancomycin	14969
Vandetanib	3081361
Vapreotide	71306
Vapreotide	6918026
Vapreotide	45588099
Vapreotide	70689318
Vapreotide	5311370
Vapreotide	133566183
Vardenafil	135400189
Varenicline	170361
Varenicline	5310966
Varenicline	53315056
Vecuronium	39765
Vemurafenib	42611257
Venlafaxine	5656
Verapamil	2520
Verteporfin	
Vidarabine	21704
Vigabatrin	5665
Vilazodone	6918314
Vildagliptin	6918537
Vildagliptin	11077541
Vildagliptin	24848920
Vildagliptin	5251896
Vinblastine	13342
Vinblastine	241903
Vinblastine	3823887
Vinblastine	44417235
Vinblastine	6710780
Vinblastine	133126830
Vinblastine	129009934
Vinblastine	11104792
Vincristine	5978
Vincristine	5388993
Vincristine	45358158
Vincristine	6324671
Vincristine	3717450
Vincristine	71296921
Vincristine	62313
Vincristine	122172881
Vincristine	134755071
Vindesine	40839
Vinorelbine	5311497
Vinorelbine	60780
Vinorelbine	13200033
Vinorelbine	5672
Vinorelbine	71296871
Vinorelbine	44424639
Vinorelbine	73265388
Viomycin	135398671
Viomycin	90488875
Viomycin	25245437
Vismodegib	24776445
Vitamin A	445354
Vitamin C	54670067
Vitamin E	14985
Voacamine	11953931
Voacamine	5995075
Voacamine	20056727
Voacamine	90479276
Voacamine	5371246
Voacamine	102239760
Voacamine	54601825
Voacamine	15940271
Voacamine	146158637
Voacamine	5357634
Voacamine	163285997
Voacamine	154805985
Voacamine	156612966
Voacamine	137628555
Voglibose	444020
Voriconazole	71616
Vorinostat	5311
WF10	3000391
Warfarin	54678486
Xanthophyll	5281243
Xanthophyll	5368396
Xanthophyll	24728610
Xanthophyll	448437
Xanthophyll	46835684
Ximelagatran	9574101
Ximelagatran	5478933
Ximelagatran	656635
Ximelagatran	73101855
Ximelagatran	93971978
Ximelagatran	126968951
Xylometazoline	5709
Yohimbine	8969
Zafirlukast	5717
Zalcitabine	24066
Zaleplon	5719
Zanamivir	60855
Zidovudine	35370
Zileuton	60490
Zinc	23994
Ziprasidone	60854
Zoledronate	68740
Zolmitriptan	60857
Zolpidem	5732
Zonisamide	5734
Zopiclone	5735
Zuclopenthixol	5311507
