DrugName	CID	DrugID
(+)-1-(3-(aminomethyl)phenyl)-N-(5-((3-cyanophenyl)(cyclopropyl-methylamino)methyl)-2-fluorophenyl)-3-(trifluoromethyl)-1H-pyrazole-5-carboxamide	118355809	CHEMBL4594271
(+)-Sparteine	7014	CHEMBL412873
(1R,18R,20R,24S,27S,28S)-24-tert-butyl-28-ethyl-13,13-difluoro-7-methoxy-N-[(1R,2S)-1-[(1-methylcyclopropyl)sulfonylcarbamoyl]-2-propan-2-ylcyclopropyl]-22,25-dioxo-2,21-dioxa-4,11,23,26-tetrazapentacyclo[24.2.1.03,12.05,10.018,20]nonacosa-3,5(10),6,8,11-pentaene-27-carboxamide	122197547	CHEMBL3707372
(1S,2R)-2-phenylcyclopropan-1-amine;(1R,2S)-2-phenylcyclopropan-1-amine	73417116	CHEMBL3989843
(1S,2R)-2-phenylcyclopropan-1-amine;(1R,2S)-2-phenylcyclopropan-1-amine;sulfuric acid	91885457	CHEMBL3989698
(2R,3R)-2,3-dihydroxybutanedioic acid;1-[(4-fluorophenyl)methyl]-1-(1-methylpiperidin-4-yl)-3-[[4-(2-methylpropoxy)phenyl]methyl]urea	11557104	CHEMBL2448613
(2S)-3-hydroxy-2-[[1-[[(2R)-2-[(1R)-2-methoxy-2-oxo-1-phenylethyl]piperidine-1-carbonyl]oxymethyl]pyridin-1-ium-3-carbonyl]amino]propanoic acid	134823896	CHEMBL4301162
(2S,3S)-2-[(2S,4R,5R,6R)-4-[(2R,4R,5R,6R)-5-[(2R,4S,5R,6R)-4,5-dihydroxy-4,6-dimethyloxan-2-yl]oxy-4-hydroxy-6-methyloxan-2-yl]oxy-5-hydroxy-6-methyloxan-2-yl]oxy-3-[(1S,3S,4R)-3,4-dihydroxy-1-methoxy-2-oxopentyl]-6-[(2S,4R,5R,6R)-4-[(2R,4R,5S,6R)-4,5-dihydroxy-6-methyloxan-2-yl]oxy-5-hydroxy-6-methyloxan-2-yl]oxy-8,9-dihydroxy-7-methyl-3,4-dihydro-2H-anthracen-1-one	52945526	CHEMBL1237054
(3S,6S,9S,12S,15S,18S,21S,24S,30S,33S)-30-ethyl-33-[(1R,2R,4E)-1-hydroxy-2-methylhepta-4,6-dienyl]-1,4,7,10,12,15,19,25,28-nonamethyl-6,9,18,24-tetrakis(2-methylpropyl)-3,21-di(propan-2-yl)-1,4,7,10,13,16,19,22,25,28,31-undecazacyclotritriacontane-2,5,8,11,14,17,20,23,26,29,32-undecone	11528249	CHEMBL2218919
(4R,4aR,7S,7aR,12bS)-3-methyl-2,4,4a,7,7a,13-hexahydro-1H-4,12-methanobenzofuro[3,2-e]isoquinoline-7,9-diol;(4R,4aR,7S,12bS)-9-methoxy-3-methyl-2,4,4a,7,7a,13-hexahydro-1H-4,12-methanobenzofuro[3,2-e]isoquinolin-7-ol;1-[(3,4-dimethoxyphenyl)methyl]-6,7-dimethoxyisoquinoline	127053505	CHEMBL3833406
(4R,4aR,7S,7aR,12bS)-3-methyl-2,4,4a,7,7a,13-hexahydro-1H-4,12-methanobenzofuro[3,2-e]isoquinoline-7,9-diol;(4R,4aR,7S,12bS)-9-methoxy-3-methyl-2,4,4a,7,7a,13-hexahydro-1H-4,12-methanobenzofuro[3,2-e]isoquinolin-7-ol;1-[(3,4-dimethoxyphenyl)methyl]-6,7-dimethoxyisoquinoline;trihydrochloride	127053477	CHEMBL3833334
(6E)-7-[3-(4-fluorophenyl)-1-(propan-2-yl)-1H-indol-2-yl]-3,5-dihydroxyhept-6-enoic acid	5353627	CHEMBL2220442
(6aR,9R,10aR)-N-[(1S,2S,4R,7S)-7-benzyl-2-hydroxy-5,8-dioxo-4-propan-2-yl-3-oxa-6,9-diazatricyclo[7.3.0.02,6]dodecan-4-yl]-7-methyl-6,6a,8,9,10,10a-hexahydro-4H-indolo[4,3-fg]quinoline-9-carboxamide;(6aR,9R,10aR)-N-[(1S,2S,4R,7S)-7-butan-2-yl-2-hydroxy-5,8-dioxo-4-propan-2-yl-3-oxa-6,9-diazatricyclo[7.3.0.02,6]dodecan-4-yl]-7-methyl-6,6a,8,9,10,10a-hexahydro-4H-indolo[4,3-fg]quinoline-9-carboxamide;(6aR,9R,10aR)-N-[(1S,2S,4R,7S)-2-hydroxy-5,8-dioxo-4,7-di(propan-2-yl)-3-oxa-6,9-diazatricyclo[7.3.0.02,6]dodecan-4-yl]-7-methyl-6,6a,8,9,10,10a-hexahydro-4H-indolo[4,3-fg]quinoline-9-carboxamide;(6aR,9R,10aR)-N-[(1S,2S,4R,7S)-2-hydroxy-7-(2-methylpropyl)-5,8-dioxo-4-propan-2-yl-3-oxa-6,9-diazatricyclo[7.3.0.02,6]dodecan-4-yl]-7-methyl-6,6a,8,9,10,10a-hexahydro-4H-indolo[4,3-fg]quinoline-9-carboxamide	90661668	CHEMBL2364968
1,2,3,4,5,6-Hexahydro-6,11-dimethyl-3-(3-methylbut-2-enyl)-2,6-methano-3-benzazocin-8-ol hydrochloride	197758	CHEMBL3989510
1,2-Benzoxazol-3-ylmethanesulfonimidic acid	11967800	CHEMBL750
1,2-Ethanediol	174	CHEMBL457299
1-Methyllysergic acid butanolamide	6540428	CHEMBL485253
1-cyclohexyl-N-methylpropan-2-amine;5-ethyl-5-phenyl-1,3-diazinane-2,4,6-trione	9977518	CHEMBL3833301
16alpha-Fluoro-17beta-estradiol	10401972	CHEMBL1627367
2,5-Dihydroxybenzenesulfonic Acid	17507	CHEMBL1232131
2-(3-(4-((1H-indazol-5-yl)amino)quinazolin-2-yl)phenoxy)-N-isopropylacetamide	11950170	CHEMBL2005186
2-(aminomethyl)-N,N-diethyl-1-phenylcyclopropanecarboxamide hydrochloride	13208114	CHEMBL4297064
2-Ethylhexyl 4-(dimethylamino)benzoate	30541	CHEMBL1323699
2-Mercaptoethanesulfonic acid	598	CHEMBL1098319
2-[(2-Ethoxyphenoxy)-phenylmethyl]morpholine	3022645	CHEMBL14370
2-[(Z)-[2-[[(6R,7R)-3-[[3-amino-4-(2-aminoethylcarbamoylamino)-2-methylpyrazol-1-ium-1-yl]methyl]-2-carboxy-8-oxo-5-thia-1-azabicyclo[4.2.0]oct-2-en-7-yl]amino]-1-(5-amino-1,2,4-thiadiazol-3-yl)-2-oxoethylidene]amino]oxy-2-methylpropanoate	71457955	CHEMBL2103872
3,4-Diaminopyridine	5918	CHEMBL354077
3-(((1S,2S,3R)-2,3-difluoro-1-hydroxy-7-(methylsulfonyl)-2,3-dihydro-1H-inden-4-yl)oxy)-5-fluorobenzonitrile	117947097	CHEMBL4585668
3-[14-Ethenyl-22,23-bis(methoxycarbonyl)-5-(3-methoxy-3-oxopropyl)-4,10,15,24-tetramethyl-25,26,27,28-tetrazahexacyclo[16.6.1.13,6.18,11.113,16.019,24]octacosa-1,3,5,7,9,11(27),12,14,16,18(25),19,21-dodecaen-9-yl]propanoic acid;3-[14-ethenyl-22,23-bis(methoxycarbonyl)-9-(3-methoxy-3-oxopropyl)-4,10,15,24-tetramethyl-25,26,27,28-tetrazahexacyclo[16.6.1.13,6.18,11.113,16.019,24]octacosa-1,3,5,7,9,11(27),12,14,16,18(25),19,21-dodecaen-5-yl]propanoic acid	21872805	CHEMBL2218885
4-Aminopyridine	1727	CHEMBL284348
4-Aminosalicylic acid	4649	CHEMBL1169
4-Hydroxybutanoic acid	10413	CHEMBL1342
4-Phenylbutyric acid	4775	CHEMBL1469
5-Bromo-N-(4,5-dihydro-1H-imidazol-2-yl)-6-quinoxalinamine tartrate	11236066	CHEMBL2062257
5-hydroxy-L-tryptophan	439280	CHEMBL350221
6-Mercaptopurine monohydrate	2724350	CHEMBL1200751
7-(6-Fluoropyridin-3-yl)-5h-pyrido[4,3-b]indole	71059746	CHEMBL3546271
9-[(2R,3R,4S,5R)-3,4-dihydroxy-5-(hydroxymethyl)oxolan-2-yl]-1H-purin-6-one;1-(dimethylamino)propan-2-ol	137225141	CHEMBL3833405
Abacavir	441300	CHEMBL1380
Abacavir sulfate	441384	CHEMBL4303288
Abametapir	15664	CHEMBL2205807
Abarelix	16131215	CHEMBL1252
Abelcet	118705500	CHEMBL267345
Abemaciclib	46220502	CHEMBL3301610
Abiraterone	132971	CHEMBL254328
Abiraterone acetate	9821849	CHEMBL271227
Acalabrutinib	71226662	CHEMBL3707348
Acamprosate	71158	CHEMBL1201293
Acamprosate calcium	155434	CHEMBL2068724
Acarbose	444254	CHEMBL1566
Acebutolol	1978	CHEMBL642
Acebutolol hydrochloride	441307	CHEMBL1200813
Aceclofenac	71771	CHEMBL93645
Acefylline	69550	CHEMBL70246
Acefylline piperazine	87819	CHEMBL2106660
Acemetacin	1981	CHEMBL189171
Acenocoumarol	54676537	CHEMBL397420
Acetaminophen	1983	CHEMBL112
Acetarsol	1985	CHEMBL1330792
Acetazolamide	1986	CHEMBL20
Acetazolamide sodium	13290219	CHEMBL1200814
Acetic Acid	176	CHEMBL539
Acetohexamide	1989	CHEMBL1589
Acetohydroxamic acid	1990	CHEMBL734
Acetophenazine	17676	CHEMBL1085
Acetyl-L-carnitine	7045767	CHEMBL1697733
Acetylcholine	187	CHEMBL667
Acetylcholine chloride	6060	CHEMBL1184
Acetylcysteine	12035	CHEMBL600
Acetyldigitoxin	5284512	CHEMBL3545057
Acitretin	5284513	CHEMBL1131
Aclidinium	11434515	CHEMBL1194325
Aclidinium bromide	11519741	CHEMBL551466
Acrivastine	5284514	CHEMBL1224
Acyclovir	135398513	CHEMBL184
Acyclovir sodium	23665721	CHEMBL1200380
Adapalene	60164	CHEMBL1265
Adefovir dipivoxil	60871	CHEMBL922
Adenosine	60961	CHEMBL477
Adipost	134129837	CHEMBL2062163
Afatinib	10184653	CHEMBL1173655
Afatinib dimaleate	15606394	CHEMBL2105712
Agomelatine	82148	CHEMBL10878
Albendazole	2082	CHEMBL1483
Albuterol sulfate	39859	CHEMBL1441059
Alcaftadine	19371515	CHEMBL1201747
Alclofenac	30951	CHEMBL94081
Alclometasone dipropionate	636374	CHEMBL1200989
Alectinib	49806720	CHEMBL1738797
Alectinib Hydrochloride	53239799	CHEMBL3707320
Alendronate sodium	16760285	CHEMBL675
Alendronic acid	2088	CHEMBL870
Alfuzosin	2092	CHEMBL709
Alfuzosin Hydrochloride	71764	CHEMBL1723
Aliskiren	5493444	CHEMBL1639
Aliskiren hemifumarate	6918427	CHEMBL3545059
Alitretinoin	449171	CHEMBL705
Allopregnanolone	92786	CHEMBL207538
Allopurinol	135401907	CHEMBL1467
Almitrine	33887	CHEMBL1183717
Almotriptan	123606	CHEMBL1505
Almotriptan malate	123607	CHEMBL1200521
Alogliptin	11450633	CHEMBL376359
Alogliptin benzoate	16088021	CHEMBL227529
Alosetron	2099	CHEMBL1110
Alosetron hydrochloride	60758	CHEMBL1200885
Alpelisib	56649450	CHEMBL2396661
Alprazolam	2118	CHEMBL661
Alprostadil	5280723	CHEMBL495
Altretamine	2123	CHEMBL1455
Alumina	14769	CHEMBL4594252
Aluminum chloride	24012	CHEMBL3833401
Aluminum chloride hexahydrate	24564	CHEMBL3833314
Alverine	3678	CHEMBL253371
Alvimopan	5488548	CHEMBL270190
Amantadine	2130	CHEMBL660
Amantadine hydrochloride	64150	CHEMBL1569
Ambrisentan	6918493	CHEMBL1111
Amifampridine phosphate	9920716	CHEMBL3301611
Amifostine	2141	CHEMBL1006
Amikacin	37768	CHEMBL177
Amikacin sulfate	38351	CHEMBL4208954
Amiloride	16231	CHEMBL945
Amiloride hydrochloride dihydrate	68540	CHEMBL1398126
Amineptine	34870	CHEMBL418995
Aminocaproic acid	564	CHEMBL1046
Aminoglutethimide	2145	CHEMBL488
Aminolevulinic acid	137	CHEMBL601
Aminophylline	9433	CHEMBL1370561
Aminopyrine	6009	CHEMBL288470
Amiodarone	2157	CHEMBL633
Amiodarone hydrochloride	441325	CHEMBL1083993
Amisulpride	2159	CHEMBL243712
Amitriptyline	2160	CHEMBL629
Amitriptyline hydrochloride	11065	CHEMBL1200964
Amlexanox	2161	CHEMBL1096
Amlodipine	2162	CHEMBL1491
Amlodipine benzoate	44481893	CHEMBL4594262
Amlodipine besylate	60496	CHEMBL1200402
Ammonia	222	CHEMBL1160819
Ammonia N-13	119432	CHEMBL1201189
Amodiaquine	2165	CHEMBL682
Amoxapine	2170	CHEMBL1113
Amoxicillin	33613	CHEMBL1082
Amoxicillin sodium	23663126	CHEMBL2105950
Amphedrine	222898	CHEMBL501
Amphetamine	3007	CHEMBL405
Ampicillin	6249	CHEMBL174
Ampicillin sodium	23663979	CHEMBL1200758
Amprenavir	65016	CHEMBL116
Amrinone	3698	CHEMBL12856
Amsacrine	2179	CHEMBL43
Anagrelide	135409400	CHEMBL760
Anagrelide hydrochloride	135413494	CHEMBL1200759
Anaspaz	23724783	CHEMBL3989570
Anastrozole	2187	CHEMBL1399
Angiotensin II	172198	CHEMBL408403
Angiotensin II acetate	172197	CHEMBL3989932
Anidulafungin	166548	CHEMBL264241
Antazoline	2200	CHEMBL1305
Anthralin	2202	CHEMBL46469
Antipyrine	2206	CHEMBL277474
Apalutamide	24872560	CHEMBL3183409
Apixaban	10182969	CHEMBL231779
Apomorphine	6005	CHEMBL53
Apomorphine hydrochloride	9410	CHEMBL1616
Aponal	14675	CHEMBL1628234
Apraclonidine	2216	CHEMBL647
Apremilast	11561674	CHEMBL514800
Aprepitant	135413536	CHEMBL1471
Arbutamine	60789	CHEMBL1201251
Arformoterol	3083544	CHEMBL1363
Argatroban	92722	CHEMBL1166
Arginine Hydrochloride	66250	CHEMBL1200381
Argipressin	644077	CHEMBL373742
Aripiprazole	60795	CHEMBL1112
Aripiprazole lauroxil	49831411	CHEMBL2219425
Armodafinil	9690109	CHEMBL1201192
Artemether	68911	CHEMBL566534
Artemisinine	9838675	CHEMBL567597
Artemotil	3000469	CHEMBL301267
Arterenol, tartrate, monohydrate	24847757	CHEMBL1434513
Artesunic acid	6917864	CHEMBL361497
Ascorbic acid	54670067	CHEMBL196
Asenapine	9903970	CHEMBL3187365
Asenapine (as maleate)	11954293	CHEMBL3544974
Aspirin	2244	CHEMBL25
Astemizole	2247	CHEMBL296419
Atazanavir	148192	CHEMBL1163
Atazanavir sulfate	158550	CHEMBL1200678
Atenolol	2249	CHEMBL24
Atogepant	72163100	CHEMBL3991065
Atomoxetine	54841	CHEMBL641
Atomoxetine hydrochloride	54840	CHEMBL1702
Atorvastatin	60823	CHEMBL1487
Atorvastatin calcium	60822	CHEMBL393220
Atovaquone	74989	CHEMBL1450
Atropine	174174	CHEMBL517712
Avacopan	49841217	CHEMBL3989871
Avanafil	9869929	CHEMBL1963681
Avapritinib	118023034	CHEMBL4204794
Avatrombopag	9852519	CHEMBL2103883
Avatrombopag maleate	9918581	CHEMBL2105758
Avibactam	9835049	CHEMBL1689063
Avibactam sodium	24944097	CHEMBL2107817
Avobenzone	51040	CHEMBL1200522
Axid Ar	4513	CHEMBL3183075
Axitinib	6450551	CHEMBL1289926
Azacitidine	9444	CHEMBL1489
Azapropazone	26098	CHEMBL1565476
Azatadine	19861	CHEMBL946
Azathioprine	2265	CHEMBL1542
Azelaic acid	2266	CHEMBL1238
Azelastine	2267	CHEMBL639
Azelastine hydrochloride	54360	CHEMBL1200809
Azilsartan kamedoxomil	23699544	CHEMBL2103795
Azilsartan medoxomil	135409642	CHEMBL2028661
Azlocillin	6479523	CHEMBL1537
Aztreonam	5742832	CHEMBL158
Bacampicillin	441397	CHEMBL1583
Bacitracin A	10909430	CHEMBL1200558
Baclofen	2284	CHEMBL701
Bactocill	23694213	CHEMBL3989567
Baloxavir marboxil	124081896	CHEMBL4297503
Balsalazide	54585	CHEMBL1201346
Balsalazide Disodium	135413496	CHEMBL1200760
Baricitinib	44205240	CHEMBL2105759
Bazedoxifene	154257	CHEMBL46740
Bazedoxifene acetate	154256	CHEMBL2106615
Beclamide	10391	CHEMBL64195
Beclomethasone dipropionate	21700	CHEMBL1200500
Bedaquiline	5388906	CHEMBL376488
Bedaquiline fumarate	24812732	CHEMBL2105700
Belinostat	6918638	CHEMBL408513
Belumosudil (mesylate)	146681181	CHEMBL4802130
Bempedoic acid	10472693	CHEMBL3545313
Benazepril	5362124	CHEMBL838
Benazepril hydrochloride	5362123	CHEMBL1694
Bendamustine	65628	CHEMBL487253
Bendamustine hydrochloride	77082	CHEMBL1201734
Bendazac	2313	CHEMBL1089221
Bendroflumethiazide	2315	CHEMBL1684
Benfluorex	2318	CHEMBL400599
Benorilate	21102	CHEMBL162036
Benoxaprofen	39941	CHEMBL340978
Benperidol	16363	CHEMBL297302
Benzbromarone	2333	CHEMBL388590
Benziodarone	6237	CHEMBL232201
Benznidazole	31593	CHEMBL110
Benzocaine	2337	CHEMBL278172
Benzoic acid	243	CHEMBL541
Benzonatate	7699	CHEMBL1374379
Benzoyl peroxide	7187	CHEMBL1200370
Benzphetamine	5311017	CHEMBL3545985
Benzphetamine hydrochloride	11558159	CHEMBL3544906
Benztropine	1201549	CHEMBL1201203
Benztropine mesylate	3246155	CHEMBL1200383
Benzydamine	12555	CHEMBL12610
Benzyl alcohol	244	CHEMBL720
Benzyl benzoate	2345	CHEMBL1239
Benzylthiouracil	685814	CHEMBL1491306
Bepotastine	164522	CHEMBL1201758
Bepotastine besilate	164521	CHEMBL1201759
Bepridil	2351	CHEMBL1008
Bergapten	2355	CHEMBL24171
Berotralstat dihydrochloride	155565803	CHEMBL4594272
Besifloxacin	10178705	CHEMBL1201760
Besifloxacin hydrochloride	10224595	CHEMBL1201761
Betahistine	2366	CHEMBL24441
Betamethasone	9782	CHEMBL632
Betamethasone acetate	443967	CHEMBL1200538
Betamethasone benzoate	5282492	CHEMBL1200376
Betamethasone dipropionate	21800	CHEMBL1200384
Betamethasone phosphate	107782	CHEMBL1201207
Betamethasone sodium phosphate	65478	CHEMBL1200762
Betamethasone valerate	16533	CHEMBL1497
Betaxolol	2369	CHEMBL423
Betaxolol hydrochloride	107952	CHEMBL1691
Bethanechol	2370	CHEMBL1482
Bethanechol chloride	11548	CHEMBL1768
Bethanidine	2368	CHEMBL1201260
Betrixaban	10275777	CHEMBL512351
Bexarotene	82146	CHEMBL1023
Bezafibrate	39042	CHEMBL264374
Bicalutamide	2375	CHEMBL409
Bictegravir	90311989	CHEMBL3989866
Bictegravir sodium	102593990	CHEMBL3989867
Bilastine	185460	CHEMBL1742423
Bimatoprost	5311027	CHEMBL1200963
Binimetinib	10288191	CHEMBL3187723
Biotin	171548	CHEMBL857
Biperiden	2381	CHEMBL1101
Bisacodyl	2391	CHEMBL942
Bisoprolol	2405	CHEMBL645
Bithionol	2406	CHEMBL290106
Bitolterol	35330	CHEMBL1201295
Bivalirudin	16129704	CHEMBL2103749
Bleomycin a2	5460769	CHEMBL403664
Blexane	71587153	CHEMBL3085504
Boceprevir	10324367	CHEMBL218394
Bortezomib	387447	CHEMBL325041
Bosentan	104865	CHEMBL957
Bosutinib	5328940	CHEMBL288441
Bremelanotide	9941379	CHEMBL2070241
Bremelanotide Acetate	91971505	CHEMBL4297533
Bretylium	2431	CHEMBL1199080
Bretylium tosylate	6100	CHEMBL1095292
Brexpiprazole	11978813	CHEMBL2105760
Brigatinib	68165256	CHEMBL3545311
Brimonidine	2435	CHEMBL844
Brincidofovir	483477	CHEMBL203321
Brinzolamide	68844	CHEMBL220491
Brivaracetam	9837243	CHEMBL607400
Brixadi	9848990	CHEMBL511142
Bromazepam	2441	CHEMBL277062
Bromazine	2444	CHEMBL1201245
Bromfenac	60726	CHEMBL1077
Bromfenac sodium	23693301	CHEMBL751
Bromocriptine	31101	CHEMBL493
Bromocriptine mesylate	31100	CHEMBL1200503
Bromperidol	2448	CHEMBL28218
Brompheniramine	6834	CHEMBL811
Brompheniramine maleate	5281067	CHEMBL1200961
Bucetin	14130	CHEMBL1697856
Buclizine	6729	CHEMBL1201271
Budesonide	5281004	CHEMBL1370
Bufexamac	2466	CHEMBL94394
Buformin	2468	CHEMBL39736
Bumetanide	2471	CHEMBL1072
Bupivacaine	2474	CHEMBL1098
Bupivacaine hydrochloride	64737	CHEMBL1200396
Bupropion	444	CHEMBL894
Bupropion hydrobromide	11984562	CHEMBL1201735
Bupropion hydrochloride	62884	CHEMBL1698
Buserelin	50225	CHEMBL2110824
Buspirone	2477	CHEMBL49
Buspirone hydrochloride	36431	CHEMBL1200399
Busulfan	2478	CHEMBL820
Butalbital	2481	CHEMBL454
Butenafine	2484	CHEMBL990
Butenafine hydrochloride	443867	CHEMBL1200397
Butorphanol	5361092	CHEMBL33986
Butorphanol tartrate	24840146	CHEMBL299400
Butriptyline	21772	CHEMBL2110816
Butylscopolamine	160883	CHEMBL1618102
C18H19N3O5S	62977	CHEMBL3301800
CID 73355910	73355910	CHEMBL2367706
Cabazitaxel	9854073	CHEMBL1201748
Cabergoline	54746	CHEMBL1201087
Cabotegravir	54713659	CHEMBL2403238
Cabotegravir sodium	46215800	CHEMBL3137330
Cabozantinib	25102847	CHEMBL2105717
Cabozantinib S-malate	25102846	CHEMBL2103868
Caffeine	2519	CHEMBL113
Calcifediol	5283731	CHEMBL1040
Calcifediol monohydrate	6441383	CHEMBL3544909
Calcimar	45055432	CHEMBL4594248
Calcipotriol	5288783	CHEMBL1200666
Calcitonin salmon	16133812	CHEMBL3989767
Calcitriol	5280453	CHEMBL846
Calcium acetate	6116	CHEMBL1200800
Calcium carbonate	10112	CHEMBL1200539
Calcium dichloride	5284359	CHEMBL1200668
Calcium dobesilate	29963	CHEMBL2106191
Calcium gluconate	9290	CHEMBL2106119
Canagliflozin	24812758	CHEMBL2048484
Canagliflozin hydrate	66653479	CHEMBL4594217
Candesartan cilexetil	2540	CHEMBL1014
Cangrelor	9854012	CHEMBL334966
Cangrelor tetrasodium	10260031	CHEMBL1097279
Cannabidiol	644019	CHEMBL190461
Canrenoic acid	656615	CHEMBL1616951
Canrenone	13789	CHEMBL1463345
Capecitabine	60953	CHEMBL1773
Capmatinib	25145656	CHEMBL3188267
Capmatinib hydrochloride	122201352	CHEMBL3989937
Capreomicin	73952296	CHEMBL2221250
Capreomycin sulphate	71457947	CHEMBL2218913
Capsaicin	1548943	CHEMBL294199
Captopril	44093	CHEMBL1560
Carbachol	5831	CHEMBL14
Carbamazepine	2554	CHEMBL108
Carbastat	2551	CHEMBL965
Carbenicillin	20824	CHEMBL1214
Carbenicillin indanyl	93184	CHEMBL1596
Carbenoxolone	636403	CHEMBL499915
Carbetapentane	2562	CHEMBL73234
Carbetapentane citrate	90010	CHEMBL1256696
Carbidopa	34359	CHEMBL1201236
Carbidopa hydrate	38101	CHEMBL1200748
Carbimazole	31072	CHEMBL508102
Carbinoxamine	2564	CHEMBL864
Carbinoxamine maleate	5282409	CHEMBL1200974
Carboprost	5281075	CHEMBL1237122
Carboprost tromethamine	5281074	CHEMBL1237105
Cardiogen-82	71357	CHEMBL1200727
Carfilzomib	11556711	CHEMBL451887
Carglumic acid	121396	CHEMBL1201780
Cariprazine	11154555	CHEMBL2028019
Cariprazine hydrochloride	25096873	CHEMBL2024517
Carisoprodol	2576	CHEMBL1233
Carmustine	2578	CHEMBL513
Carteolol	2583	CHEMBL839
Carteolol hydrochloride	40127	CHEMBL1201002
Carvedilol	2585	CHEMBL723
Carvedilol phosphate	9827459	CHEMBL1201167
Caspofungin	2826718	CHEMBL499808
Caspofungin acetate	6850808	CHEMBL4297142
Cedazuridine	25267009	CHEMBL3237547
Cefaclor	51039	CHEMBL680
Cefaclor hydrate	51038	CHEMBL1201018
Cefadroxil	47965	CHEMBL1644
Cefamandole	456255	CHEMBL1146
Cefazolin	33255	CHEMBL1435
Cefazolin sodium	23675322	CHEMBL1200523
Cefdinir	6915944	CHEMBL927
Cefditoren pivoxil	6437877	CHEMBL454446
Cefepime	5479537	CHEMBL186
Cefepime dihydrochloride hydrate	9571075	CHEMBL1200962
Cefiderocol	77843966	CHEMBL3989974
Cefiderocol sulfate tosylate	131839616	CHEMBL4297211
Cefixime	5362065	CHEMBL1541
Cefmenoxime	9570757	CHEMBL1201224
Cefmetazole	42008	CHEMBL1201195
Cefodizime	5361871	CHEMBL2303613
Cefonicid	43594	CHEMBL1601
Cefoperazone	44187	CHEMBL507674
Ceforanide	43507	CHEMBL1201046
Cefotaxime	5742673	CHEMBL1730
Cefotaxime sodium	10695961	CHEMBL1010
Cefotetan	53025	CHEMBL474579
Cefotetan disodium	53024	CHEMBL1201098
Cefotiam	43708	CHEMBL1296
Cefoxitin	441199	CHEMBL996
Cefoxitin sodium	23667300	CHEMBL1200530
Cefpiramide	636405	CHEMBL1201204
Cefpirome	5479539	CHEMBL65794
Cefpodoxime	6335986	CHEMBL1672
Cefpodoxime proxetil	6526396	CHEMBL1201016
Cefprozil hydrate	92088	CHEMBL3184906
Cefsulodin sodium salt	57514697	CHEMBL3351077
Ceftaroline fosamil	9852981	CHEMBL501122
Ceftaroline fosamil acetate	16007393	CHEMBL3544973
Ceftazidime	5481173	CHEMBL44354
Ceftibuten	5282242	CHEMBL1605
Ceftin	6321416	CHEMBL1095930
Ceftizoxime	6533629	CHEMBL528
Ceftriaxone	5479530	CHEMBL161
Cefuroxime	5479529	CHEMBL1436
Cefuroxime sodium	23670318	CHEMBL2146124
Celecoxib	2662	CHEMBL118
Celiprolol	2663	CHEMBL27810
Cenobamate	11962412	CHEMBL3989949
Cephalexin	27447	CHEMBL1727
Cephalexin monohydrate	62921	CHEMBL1200544
Cephalothin	6024	CHEMBL617
Cephapirin	30699	CHEMBL1599
Cephradine	38103	CHEMBL1604
Ceritinib	57379345	CHEMBL2403108
Cerivastatin	446156	CHEMBL1477
Cesamet	39860	CHEMBL2218896
Cetirizine	2678	CHEMBL1000
Cetirizine hydrochloride	55182	CHEMBL1607273
Cevimeline	2684	CHEMBL168815
Chlophedianol	2795	CHEMBL1201313
Chlorambucil	2708	CHEMBL515
Chloramphenicol	5959	CHEMBL130
Chloramphenicol palmitate	443382	CHEMBL1506
Chloramphenicol sodium succinate	656833	CHEMBL1200729
Chloramphenicol succinate	656580	CHEMBL1201281
Chlordiazepoxide	2712	CHEMBL451
Chlorhexidine	9552079	CHEMBL790
Chlorhexidine gluconate	9552081	CHEMBL4297088
Chlorobutanol	5977	CHEMBL1439973
Chloroquine	2719	CHEMBL76
Chloroquine phosphate	64927	CHEMBL58510
Chlorothiazide	2720	CHEMBL842
Chloroxylenol	2723	CHEMBL398440
Chlorpheniramine	2725	CHEMBL505
Chlorpheniramine maleate	5281068	CHEMBL1659
Chlorphenoxamine	6475	CHEMBL2110774
Chlorpromazine	2726	CHEMBL71
Chlorpropamide	2727	CHEMBL498
Chlorprothixene	667467	CHEMBL908
Chlortetracycline	54675777	CHEMBL404520
Chlorthalidone	2732	CHEMBL1055
Cholecalciferol	5280795	CHEMBL1042
Cholic acid	221493	CHEMBL205596
Choline chloride	6209	CHEMBL282468
Choline chloride C-11	14989482	CHEMBL2095207
Choline fenofibrate	11350701	CHEMBL1201745
Choline salicylate	54686350	CHEMBL2104095
Ciclesonide	6918155	CHEMBL2040682
Ciclopirox	2749	CHEMBL1413
Cidofovir	60613	CHEMBL152
Cilastatin	6435415	CHEMBL766
Cilastatin sodium	23663403	CHEMBL1201057
Cilazapril	56330	CHEMBL515606
Cilostazol	2754	CHEMBL799
Cimetidine	2756	CHEMBL30
Cinacalcet	156419	CHEMBL1201284
Cinacalcet hydrochloride	156418	CHEMBL1200776
Cinepazide	5282459	CHEMBL1874750
Cinnarizine	1547484	CHEMBL43064
Cinoxacin	2762	CHEMBL1208
Ciprofibrate	2763	CHEMBL557555
Ciprofloxacin	2764	CHEMBL8
Ciprofloxacin hydrochloride	62999	CHEMBL1202
Cisapride	2769	CHEMBL1729
Citalopram	2771	CHEMBL549
Citalopram hydrobromide	77995	CHEMBL1200781
Cladribine	20279	CHEMBL1619
Clarithromycin	84029	CHEMBL1741
Clavulanic acid	5280980	CHEMBL777
Clebopride	2780	CHEMBL325109
Clemastine	26987	CHEMBL1626
Clemastine fumarate	5281069	CHEMBL1200795
Clenbuterol	2783	CHEMBL49080
Clevidipine	153994	CHEMBL1237132
Clidinium	2784	CHEMBL620
Clidinium bromide	19004	CHEMBL1200950
Clindamycin	446598	CHEMBL1753
Clindamycin hydrochloride	16051951	CHEMBL1200588
Clindamycin palmitate	16052039	CHEMBL1201289
Clindamycin palmitate hydrochloride	16052038	CHEMBL1200632
Clindamycin phosphate	443385	CHEMBL3184512
Clobazam	2789	CHEMBL70418
Clobetasol propionate	32798	CHEMBL1159650
Clobutinol	26937	CHEMBL1474889
Clofarabine	119182	CHEMBL1750
Clofazimine	2794	CHEMBL1292
Clofenotane	3036	CHEMBL416898
Clofibrate	2796	CHEMBL565
Clomifene	2800	CHEMBL2355051
Clomiphene citrate	60974	CHEMBL3185958
Clomipramine	2801	CHEMBL415
Clomipramine hydrochloride	68539	CHEMBL1200710
Clonazepam	2802	CHEMBL452
Clonidine	2803	CHEMBL134
Clonidine hydrochloride	20179	CHEMBL1705
Clopidogrel	60606	CHEMBL1771
Clopidogrel bisulfate	115366	CHEMBL1083385
Clorazepate	2809	CHEMBL1213252
Clorazepate dipotassium	167305	CHEMBL2096631
Clothiapine	16351	CHEMBL304902
Clotiazepam	2811	CHEMBL1697737
Clotrimazole	2812	CHEMBL104
Cloxacillin	6098	CHEMBL891
Clozapine	135398737	CHEMBL42
Cobicistat	25151504	CHEMBL2095208
Cobimetinib	16222096	CHEMBL2146883
Cobimetinib Fumarate	71491931	CHEMBL2364607
Codeine	5284371	CHEMBL485
Codeine phosphate hydrate	9953630	CHEMBL1201099
Codeine sulfate trihydrate	21155870	CHEMBL4297091
Colchicine	6167	CHEMBL107
Colfosceril palmitate	452110	CHEMBL1200737
Comfortis	145946918	CHEMBL4297065
Conivaptan	151171	CHEMBL1755
Conivaptan hydrochloride	216322	CHEMBL1201108
Copanlisib	135565596	CHEMBL3218576
Copanlisib hydrochloride	135565785	CHEMBL3545068
Cortisone acetate	5745	CHEMBL1650
Cozaar	11476710	CHEMBL995
Crisaborole	44591583	CHEMBL484785
Crizotinib	11626560	CHEMBL601719
Cromolyn	2882	CHEMBL428880
Cromolyn sodium	27503	CHEMBL74
Cubicin	16134395	CHEMBL387675
Cxa-101 (for sulfate)	49863419	CHEMBL1213250
Cyclandelate	2893	CHEMBL1480987
Cyclic pyranopterin monophosphate	135463437	CHEMBL2338675
Cyclizine	6726	CHEMBL648
Cyclobenzaprine	2895	CHEMBL669
Cyclobenzaprine hydrochloride	22576	CHEMBL1200636
Cycloguanil	9049	CHEMBL747
Cycloguanil pamoate	443381	CHEMBL3989825
Cyclopenthiazide	2904	CHEMBL1373254
Cyclopentolate	2905	CHEMBL1201338
Cyclopentolate hydrochloride	22162	CHEMBL1200473
Cyclophosphamide	2907	CHEMBL88
Cyclophosphamide monohydrate	22420	CHEMBL1200796
Cycloserine	6234	CHEMBL771
Cyclothiazide	2910	CHEMBL61593
Cyproheptadine	2913	CHEMBL516
Cyproheptadine hydrochloride	13770	CHEMBL1716
Cysteamine	6058	CHEMBL602
Cysteamine bitartrate	23111531	CHEMBL2062263
Cysteamine hydrochloride	9082	CHEMBL1256137
Cysteine	5862	CHEMBL863
Cytarabine	6253	CHEMBL803
D-Camphor	159055	CHEMBL504760
D-Glucosamine	439213	CHEMBL493287
D-Glucose	5793	CHEMBL1222250
Dabigatran etexilate	135565674	CHEMBL539697
Dabigatran etexilate mesilate	135566083	CHEMBL1615369
Dabrafenib	44462760	CHEMBL2028663
Dabrafenib mesylate	44516822	CHEMBL2105729
Dacarbazine	135398738	CHEMBL476
Daclatasvir	25154714	CHEMBL2023898
Daclatasvir dihydrochloride	25154713	CHEMBL2303621
Dacomitinib	11511120	CHEMBL2110732
Dacomitinib monohydrate	70693519	CHEMBL2105719
Dactinomycin	457193	CHEMBL1554
Dalbavancin	16134627	CHEMBL3301669
Dalbavancin Hydrochloride	86298757	CHEMBL3301650
Danazol	28417	CHEMBL1479
Danthron	2950	CHEMBL53418
Dantrolene	6914273	CHEMBL1201288
Dantrolene sodium	6604100	CHEMBL928
Dapagliflozin	9887712	CHEMBL429910
Dapagliflozin propanediol	24906252	CHEMBL2103802
Dapiprazole	3033538	CHEMBL1201216
Dapiprazole hydrochloride	6917787	CHEMBL1201044
Dapsone	2955	CHEMBL1043
Darifenacin	444031	CHEMBL1346
Darifenacin hydrobromide	444030	CHEMBL1200935
Darolutamide	67171867	CHEMBL4297185
Darunavir	213039	CHEMBL1323
Darunavir ethanolate	23725083	CHEMBL1201127
Dasabuvir	56640146	CHEMBL3137312
Dasabuvir sodium monohydrate	73671732	CHEMBL3544985
Dasatinib	3062316	CHEMBL1421
Daunorubicin	30323	CHEMBL178
Deanol aceglutamate	10356190	CHEMBL3833347
Debrisoquine	2966	CHEMBL169901
Decitabine	451668	CHEMBL1201129
Deferasirox	214348	CHEMBL550348
Deferiprone	2972	CHEMBL70927
Deflazacort	189821	CHEMBL1201891
Degarelix	16136245	CHEMBL415606
Degarelix acetate	16186010	CHEMBL2028987
Dehydroepiandrosterone	5881	CHEMBL90593
Delafloxacin	487101	CHEMBL2105637
Delafloxacin meglumine	11578213	CHEMBL2105638
Delamanid	6480466	CHEMBL218650
Delavirdine	5625	CHEMBL593
Demecarium	5966	CHEMBL1201229
Demeclocycline	54680690	CHEMBL1591
Demeclocycline hydrochloride	54686764	CHEMBL1200474
Desacetylvinblastine amide	11643449	CHEMBL238071
Deserpidine	8550	CHEMBL1200515
Desipramine	2995	CHEMBL72
Desipramine hydrochloride	65327	CHEMBL1696
Deslanoside	28620	CHEMBL1614
Desloratadine	124087	CHEMBL1172
Desmopressin	5311065	CHEMBL1429
Desmopressin acetate	9833407	CHEMBL1200556
Desonide	5311066	CHEMBL1201109
Desoximetasone	5311067	CHEMBL1766
Desvenlafaxine	125017	CHEMBL1118
Desvenlafaxine Succinate	9800068	CHEMBL1201728
Desvenlafaxine fumarate monohydrate	44178220	CHEMBL3989861
Dexamethasone	5743	CHEMBL384467
Dexamethasone acetate	236702	CHEMBL1530428
Dexamethasone phosphate	9400	CHEMBL1201302
Dexamethasone sodium phosphate	16961	CHEMBL2021430
Dexbrompheniramine	16960	CHEMBL1201287
Dexbrompheniramine maleate	6433334	CHEMBL1200638
Dexchlorpheniramine	33036	CHEMBL1201353
Dexchlorpheniramine maleate	5281070	CHEMBL1200927
Dexfenfluramine	66265	CHEMBL248702
Dexibuprofen	39912	CHEMBL175
Dexketoprofen	667550	CHEMBL75435
Dexlansoprazole	9578005	CHEMBL1201863
Dexmethylphenidate	154101	CHEMBL827
Dexmethylphenidate hydrochloride	154100	CHEMBL904
Dexpanthenol	131204	CHEMBL1200979
Dexrazoxane	71384	CHEMBL1738
Dexrazoxane hydrochloride	6918223	CHEMBL1200778
Dextroamphetamine	5826	CHEMBL612
Dextroamphetamine saccharate	44148177	CHEMBL3989844
Dextroamphetamine sulfate	5825	CHEMBL3544971
Dextromethorphan	5360696	CHEMBL52440
Dextromethorphan hydrobromide	5462351	CHEMBL1256818
Dextrothyroxine	8730	CHEMBL559
Dezocine	3033053	CHEMBL1685
Diacerein	26248	CHEMBL41286
Diazepam	3016	CHEMBL12
Diazoxide	3019	CHEMBL181
Dibenzepin	9419	CHEMBL1442422
Dibucaine	3025	CHEMBL1086
Dibucaine hydrochloride	521951	CHEMBL1200612
Dichlorphenamide	3038	CHEMBL17
Diclofenac	3033	CHEMBL139
Diclofenac epolamine	114753	CHEMBL1201180
Diclofenac potassium	23667642	CHEMBL1200804
Diclofenac sodium	5018304	CHEMBL1034
Dicloxacillin	18381	CHEMBL893
Dicloxacillin sodium monohydrate	23675786	CHEMBL1200701
Dicumarol	54676038	CHEMBL1466
Dicyclomine	3042	CHEMBL1123
Dicyclomine hydrochloride	441344	CHEMBL1200479
Didanosine	135398739	CHEMBL1460
Dienogest	68861	CHEMBL1201864
Diethylcarbamazine	3052	CHEMBL684
Diethylpropion	7029	CHEMBL1194666
Diethylpropion Hydrochloride	91442	CHEMBL1693
Diethylstilbestrol	448537	CHEMBL411
Diethyltoluamide	4284	CHEMBL1453317
Difelikefalin	24794466	CHEMBL3989915
Diflorasone diacetate	71414	CHEMBL1200545
Diflunisal	3059	CHEMBL898
Difluprednate	443936	CHEMBL1201749
Digitoxin	441207	CHEMBL254219
Digoxin	2724385	CHEMBL1751
Dihydrocodeine	5284543	CHEMBL1595
Dihydrocodeine bitartrate cii	18601660	CHEMBL2062266
Dihydroergotamine	10531	CHEMBL1732
Dihydroergotamine mesylate	71171	CHEMBL1200517
Dihydrostreptomycin	439369	CHEMBL1950576
Diisopropyl fluorophosphate	5936	CHEMBL1025
Diltiazem	39186	CHEMBL23
Diltiazem hydrochloride	62920	CHEMBL1697
Dimenhydrinate	10660	CHEMBL1200406
Dimethindene	21855	CHEMBL22108
Dimethyl fumarate	637568	CHEMBL2107333
Dimethyl sulfoxide	679	CHEMBL504
Dimetotiazine	3089	CHEMBL346977
Diosmin	5281613	CHEMBL231884
Dioxosilane,oxomagnesium,hydrate	44134961	CHEMBL3990276
Diphemanil	6127	CHEMBL1201340
Diphenhydramine	3100	CHEMBL657
Diphenhydramine citrate	174697	CHEMBL1201089
Diphenylpyraline	3103	CHEMBL1492
Dipivefrin	3105	CHEMBL1201262
Dipyridamole	3108	CHEMBL932
Dirithromycin	6473883	CHEMBL1237072
Diroximel fumarate	73330464	CHEMBL3989944
Disodium edetate dihydrate	636371	CHEMBL3989507
Disodium hydrogen phosphate	24203	CHEMBL1060
Disodium tetrahydroxidodi-mu-peroxido-diborate	5460514	CHEMBL3707333
Disopyramide	3114	CHEMBL517
Disopyramide phosphate	30928	CHEMBL1201020
Disulfiram	3117	CHEMBL964
Divalproex sodium	23663956	CHEMBL2105613
Dobutamine	36811	CHEMBL926
Dobutamine hydrochloride	65324	CHEMBL1200418
Docetaxel	148124	CHEMBL92
Docetaxel trihydrate	148123	CHEMBL3545252
Docosanol	12620	CHEMBL1200453
Docusate	11339	CHEMBL1477036
Docusate sodium	23673837	CHEMBL1905872
Dofetilide	71329	CHEMBL473
Dolasetron	3033818	CHEMBL2368925
Dolasetron mesylate hydrate	6918119	CHEMBL2368924
Dolutegravir	54726191	CHEMBL1229211
Dolutegravir sodium	46216142	CHEMBL1213165
Domiphen	3149	CHEMBL1187011
Domperidone	3151	CHEMBL219916
Donepezil	3152	CHEMBL502
Donepezil hydrochloride	5741	CHEMBL1678
Dopamine	681	CHEMBL59
Dopamine hydrochloride	65340	CHEMBL1557
Dopexamine	55483	CHEMBL77622
Doravirine	58460047	CHEMBL2364608
Doripenem	73303	CHEMBL491571
Doryx	54686183	CHEMBL3989740
Dorzolamide	5284549	CHEMBL218490
Dorzolamide hydrochloride	6918132	CHEMBL1201162
Dosulepin	5284550	CHEMBL1492500
Doxapram	3156	CHEMBL1754
Doxapram hydrochloride monohydrate	64648	CHEMBL3989519
Doxazosin	3157	CHEMBL707
Doxazosin mesylate	62978	CHEMBL1200561
Doxepin	3158	CHEMBL1628227
Doxercalciferol	5281107	CHEMBL1200810
Doxorubicin	31703	CHEMBL53463
Doxorubicin Hydrochloride	443939	CHEMBL359744
Doxycycline	54671203	CHEMBL1433
Doxycycline monohydrate	54684461	CHEMBL1200699
Doxylamine	3162	CHEMBL1004
Dronabinol	16078	CHEMBL465
Dronedarone	208898	CHEMBL184412
Dronedarone hydrochloride	219025	CHEMBL1201729
Droperidol	3168	CHEMBL1108
Drospirenone	68873	CHEMBL1509
Droxidopa	92974	CHEMBL2103827
Duloxetine	60835	CHEMBL1175
Duloxetine hydrochloride	60834	CHEMBL1200328
Dutasteride	6918296	CHEMBL1200969
Dutetrabenazine	45255840	CHEMBL3137326
Duvelisib	50905713	CHEMBL3039502
Dynamax	10221470	CHEMBL252518
Dyphylline	3182	CHEMBL1752
Echothiophate	10548	CHEMBL1201341
Econazole	3198	CHEMBL808
Econazole nitrate	68589	CHEMBL1201049
Edaravone	4021	CHEMBL290916
Edetate calcium disodium	6093170	CHEMBL1200375
Edetate calcium disodium monohydrate	6096880	CHEMBL3989522
Edetate disodium	8759	CHEMBL1749
Edoxaban	10280735	CHEMBL1269025
Edoxaban tosylate	44610678	CHEMBL2105682
Efavirenz	64139	CHEMBL223228
Efinaconazole	489181	CHEMBL2103877
Eflornithine	3009	CHEMBL830
Elagolix	11250647	CHEMBL1208155
Elagolix sodium	24785956	CHEMBL502182
Elbasvir	71661251	CHEMBL3039514
Eletriptan	77993	CHEMBL1510
Eletriptan hydrobromide	656631	CHEMBL1201003
Eliglustat	23652731	CHEMBL2110588
Eltrombopag	135449332	CHEMBL461101
Eltrombopag olamine	135449331	CHEMBL3989691
Eluxadoline	11250029	CHEMBL2159122
Elvitegravir	5277135	CHEMBL204656
Emedastine	3219	CHEMBL594
Emepronium	34055	CHEMBL2110805
Empagliflozin	11949646	CHEMBL2107830
Emtricitabine	60877	CHEMBL885
Enalapril	5388962	CHEMBL578
Enalapril maleate	5388961	CHEMBL1200659
Enasidenib	89683805	CHEMBL3989908
Enasidenib mesylate	90480031	CHEMBL3989931
Encainide	48041	CHEMBL315838
Encorafenib	50922675	CHEMBL3301612
Enfuvirtide	16130199	CHEMBL525076
Enoxacin	3229	CHEMBL826
Enoximone	53708	CHEMBL249856
Entacapone	5281081	CHEMBL953
Entecavir	135398508	CHEMBL713
Entrectinib	25141092	CHEMBL1983268
Enzalutamide	15951529	CHEMBL1082407
Ephedrine	9294	CHEMBL211456
Ephedrine hydrochloride	65326	CHEMBL2146102
Ephedrine sulfate	5359318	CHEMBL1523964
Epinastine	3241	CHEMBL1106
Epinastine hydrochloride	157313	CHEMBL1200491
Epinephrine	5816	CHEMBL679
Epinephrine hydrogen tartrate	6852374	CHEMBL1256958
Epirubicin	41867	CHEMBL417
Epirubicin hydrochloride	65348	CHEMBL1200981
Eplerenone	443872	CHEMBL1095097
Epoprostenol	5282411	CHEMBL1139
Epoprostenol sodium	6364626	CHEMBL962
Eprosartan	5281037	CHEMBL813
Eprosartan mesylate	5282474	CHEMBL1200987
Eravacycline	54726192	CHEMBL1951095
Eravacycline dihydrochloride	56951485	CHEMBL2219414
Erdafitinib	67462786	CHEMBL3545376
Ergocalciferol	5280793	CHEMBL1536
Ergotamine	8223	CHEMBL442
Ergotamine bitartrate	88922160	CHEMBL2448612
Eribulin	11354606	CHEMBL1683590
Eribulin mesylate	17755248	CHEMBL1683544
Erlotinib	176870	CHEMBL553
Erlotinib hydrochloride	176871	CHEMBL1079742
Ertapenem	150610	CHEMBL1359
Ertapenem sodium	23674512	CHEMBL1232
Ertugliflozin	44814423	CHEMBL1770248
Erythromycin	12560	CHEMBL532
Erythromycin ethylsuccinate	443953	CHEMBL1200688
Escitalopram	146570	CHEMBL1508
Escitalopram oxalate	146571	CHEMBL1200322
Esketamine	182137	CHEMBL395091
Esketamine hydrochloride	44632368	CHEMBL2364609
Eslicarbazepine	9881504	CHEMBL315985
Eslicarbazepine acetate	179344	CHEMBL87992
Esmolol	59768	CHEMBL768
Esmolol hydrochloride	104769	CHEMBL1201115
Esomeprazole	9568614	CHEMBL1201320
Esomeprazole (sodium)	23674541	CHEMBL1200470
Esomeprazole strontium	16048656	CHEMBL2146140
Estazolam	3261	CHEMBL285674
Estetrol	27125	CHEMBL1230314
Estradiol	5757	CHEMBL135
Estradiol acetate	9818306	CHEMBL1200430
Estradiol cypionate	9403	CHEMBL1200973
Estradiol valerate	13791	CHEMBL1511
Estramustine phosphate	259329	CHEMBL1756
Estramustine phosphate sodium	444000	CHEMBL1200721
Estrone sulfate	3001028	CHEMBL494753
Estropipate	5284555	CHEMBL1200980
Eszopiclone	969472	CHEMBL1522
Etamsylate	17506	CHEMBL1514715
Etelcalcetide	71511839	CHEMBL3545184
Ethacrynic acid	3278	CHEMBL456
Ethambutol	14052	CHEMBL44884
Ethambutol Hydrochloride	14051	CHEMBL3140361
Ethamivan	9363	CHEMBL1229908
Ethanol	702	CHEMBL545
Ethanolamine oleate	5282489	CHEMBL3989529
Ethinyl estradiol	5991	CHEMBL691
Ethionamide	2761171	CHEMBL1441
Ethosuximide	3291	CHEMBL696
Ethotoin	3292	CHEMBL1095
Etidronic acid	3305	CHEMBL871
Etilefrine	3306	CHEMBL86882
Etodolac	3308	CHEMBL622
Etoglucid	16058	CHEMBL460287
Etoposide	36462	CHEMBL44657
Etoposide phosphate	6918092	CHEMBL1200645
Etoricoxib	123619	CHEMBL416146
Etravirine	193962	CHEMBL308954
Etretinate	5282375	CHEMBL464
Everolimus	6442177	CHEMBL1908360
Exemestane	60198	CHEMBL1200374
Exenatide free base	16157882	CHEMBL414357
Ezetimibe	150311	CHEMBL1138
Famciclovir	3324	CHEMBL880
Febuxostat	134018	CHEMBL1164729
Fedratinib	16722836	CHEMBL1287853
Fedratinib dihydrochloride monohydrate	67517580	CHEMBL4297216
Felbamate	3331	CHEMBL1094
Felbinac	3332	CHEMBL413965
Felodipine	3333	CHEMBL1480
Fenbufen	3335	CHEMBL277522
Fenfluramine	3337	CHEMBL87493
Fenfluramine hydrochloride	91452	CHEMBL2106217
Fenofibrate	3339	CHEMBL672
Fenofibric acid	64929	CHEMBL981
Fenoldopam	3341	CHEMBL588
Fenoldopam mesylate	49659	CHEMBL1026
Fenoprofen	3342	CHEMBL1297
Fenoprofen calcium	64747	CHEMBL2103736
Fenoterol	3343	CHEMBL32800
Fentanyl	3345	CHEMBL596
Fentanyl citrate	13810	CHEMBL688
Feprazone	35455	CHEMBL1452696
Fesoterodine	6918558	CHEMBL1201764
Fesoterodine fumarate	9849808	CHEMBL1201765
Fexinidazole	68792	CHEMBL1631694
Fexofenadine	3348	CHEMBL914
Fexofenadine hydrochloride	63002	CHEMBL1200618
Fidaxomicin	10034073	CHEMBL1255800
Filgotinib	49831257	CHEMBL3301607
Finasteride	57363	CHEMBL710
Finerenone	60150535	CHEMBL2181927
Fingolimod	107970	CHEMBL314854
Fingolimod hydrochloride	107969	CHEMBL544665
Fipexide	3351	CHEMBL254857
Flavin mononucleotide	643976	CHEMBL1201794
Flavoxate	3354	CHEMBL1493
Flavoxate hydrochloride	441345	CHEMBL1200875
Flecainide	3356	CHEMBL652
Flecainide acetate	41022	CHEMBL1200822
Flibanserin	6918248	CHEMBL231068
Florbetaben F-18	11501341	CHEMBL566752
Florbetaben unlabelled	53257383	CHEMBL1908906
Florbetapir	57396865	CHEMBL1908919
Flosequinan	4474062	CHEMBL1908307
Floxuridine	5790	CHEMBL917
Flucloxacillin	21319	CHEMBL222645
Fluconazole	3365	CHEMBL106
Flucytosine	3366	CHEMBL1463
Fludarabine phosphate	30751	CHEMBL1096882
Fludrocortisone acetate	225609	CHEMBL1201010
Flufenamic acid	3371	CHEMBL23588
Fluindione	68942	CHEMBL24924
Flunarizine	941361	CHEMBL30008
Flunisolide	82153	CHEMBL1512
Fluocinolone acetonide	6215	CHEMBL989
Fluocinonide	9642	CHEMBL1501
Fluocortolone	9053	CHEMBL251634
Fluoroestradiol F-18	10869981	CHEMBL4594261
Fluorometholone	9878	CHEMBL1200600
Fluorometholone acetate	240767	CHEMBL1201064
Fluorouracil	3385	CHEMBL185
Fluoxetine	3386	CHEMBL41
Fluoxetine hydrochloride	62857	CHEMBL1201082
Fluoxymesterone	6446	CHEMBL1445
Fluphenazine	3372	CHEMBL726
Fluphenazine decanoate	3388	CHEMBL1200854
Fluphenazine enanthate	3389	CHEMBL1200951
Flurandrenolide	15209	CHEMBL1201012
Flurazepam	3393	CHEMBL968
Flurazepam hydrochloride	14434	CHEMBL3989724
Flurbiprofen	3394	CHEMBL563
Fluspirilene	3396	CHEMBL46516
Flutamide	3397	CHEMBL806
Flutemetamol	10107393	CHEMBL579205
Flutemetamol F-18	15950376	CHEMBL2042122
Fluticasone furoate	9854489	CHEMBL1676
Fluticasone propionate	444036	CHEMBL1473
Fluvoxamine	5324346	CHEMBL814
Fluvoxamine maleate	9560989	CHEMBL1409
Folic acid	135398658	CHEMBL1622
Fondaparinux	5282448	CHEMBL1201202
Fondaparinux sodium	636380	CHEMBL1200644
Formestane	11273	CHEMBL132530
Formoterol	3410	CHEMBL1256786
Formoterol fumarate dihydrate	9919001	CHEMBL3989798
Formoterol r,r-form l-tartrate	53241147	CHEMBL1951071
Fosamprenavir	131536	CHEMBL1664
Fosamprenavir calcium	131535	CHEMBL1200734
Fosaprepitant	135413538	CHEMBL1199324
Fosaprepitant dimeglumine	135564864	CHEMBL1201782
Foscarnet	3415	CHEMBL666
Foscarnet sodium	44561	CHEMBL754
Fosdenopterin hydrobromide	145722612	CHEMBL4594300
Fosfestrol	3032325	CHEMBL1200598
Fosfomycin	446987	CHEMBL1757
Fosfomycintrometamol	10199068	CHEMBL1200331
Fosinopril	9601226	CHEMBL3039598
Fosinopril sodium	23666105	CHEMBL3039596
Fosnetupitant	71544786	CHEMBL3989917
Fosnetupitant chloride	86764535	CHEMBL3989919
Fosphenytoin	56339	CHEMBL1201336
Fosphenytoin sodium	56338	CHEMBL919
Fostamatinib	11671467	CHEMBL2103830
Fostamatinib disodium	24828759	CHEMBL3989516
Fostemsavir	11319217	CHEMBL3301594
Fostemsavir tromethamine	46892186	CHEMBL3301598
Frovatriptan	77992	CHEMBL1279
Frovatriptan succinate	152943	CHEMBL2138684
Fulvestrant	104741	CHEMBL1358
Fumaric acid	444972	CHEMBL503160
Furosemide	3440	CHEMBL35
Fusidic acid	3000226	CHEMBL374975
Gabapentin	3446	CHEMBL940
Gabapentin enacarbil	9883933	CHEMBL1628502
Galantamine	9651	CHEMBL659
Galantamine hydrobromide	121587	CHEMBL1555
Ganciclovir	135398740	CHEMBL182
Gatifloxacin	5379	CHEMBL31
Gefitinib	123631	CHEMBL939
Gemcitabine	60750	CHEMBL888
Gemcitabine hydrochloride	60749	CHEMBL1637
Gemfibrozil	3463	CHEMBL457
Gemifloxacin	9571107	CHEMBL430
Gentamicin C complex sulfate	9855350	CHEMBL3039594
Geodon	656685	CHEMBL3989833
Gilteritinib	49803313	CHEMBL3301622
Gilteritinib fumarate	76970819	CHEMBL3301603
Glafenine	3474	CHEMBL146095
Glasdegib	25166913	CHEMBL2043437
Glasdegib maleate	122640033	CHEMBL4297534
Glecaprevir	66828839	CHEMBL3545363
Glibornuride	12818200	CHEMBL529888
Gliclazide	3475	CHEMBL427216
Glimepiride	3476	CHEMBL1481
Glipizide	3478	CHEMBL1073
Gliquidone	91610	CHEMBL383634
Glucagen Hypokit	44278361	CHEMBL266481
Glutamine	5961	CHEMBL930
Glyburide	3488	CHEMBL472
Glycerol	753	CHEMBL692
Glycerol phenylbutyrate	10482134	CHEMBL2105745
Glycopyrrolate	11693	CHEMBL1201027
Glycopyrronium bromide	3494	CHEMBL1201335
Glymidine	9565	CHEMBL1697838
Goserelin	5311128	CHEMBL1201247
Goserelin acetate	16052011	CHEMBL1200501
Granisetron hydrochloride	65264	CHEMBL1237080
Granisetronum	3510	CHEMBL289469
Grazoprevir	44603531	CHEMBL2063090
Grepafloxacin	72474	CHEMBL583
Griseofulvin	441140	CHEMBL562
Guaifenesin	3516	CHEMBL980
Guanethidine	3518	CHEMBL765
Guanfacine	3519	CHEMBL862
Guanfacine hydrochloride	71401	CHEMBL1200494
Guanidine	3520	CHEMBL821
Guanidine hydrochloride	5742	CHEMBL1200728
H-Pyr-His-Trp-Ser-Tyr-D-1Nal-Leu-Arg-Pro-Gly-NH2.CH3CO2H	49800010	CHEMBL1200671
Halazepam	31640	CHEMBL970
Halcinonide	443943	CHEMBL1200845
Halobetasol propionate	6918178	CHEMBL1200908
Halofantrine	37393	CHEMBL1107
Haloperidol	3559	CHEMBL54
Haloperidol decanoate	52919	CHEMBL1200986
Haloperidol lactate	16051968	CHEMBL4297147
Heroin	5462328	CHEMBL459324
Heroin hydrochloride	9844225	CHEMBL2106627
Hetacillin	443387	CHEMBL1201116
Hexamidine	65130	CHEMBL25105
Hexaminolevulinate	6433083	CHEMBL1201784
Hexaminolevulinate Hydrochloride	6433082	CHEMBL1201785
Hexetidine	3607	CHEMBL144673
Hexocyclium	24199	CHEMBL1201325
Histrelin	25077993	CHEMBL1201255
Histrelin acetate	25084151	CHEMBL1200509
Homatropine methylbromide	10429215	CHEMBL1200851
Hycodan	134156377	CHEMBL3989677
Hydralazine	3637	CHEMBL276832
Hydralazine hydrochloride	9351	CHEMBL542541
Hydrochlorothiazide	3639	CHEMBL435
Hydrocodone	5284569	CHEMBL1457
Hydrocortisone	5754	CHEMBL389621
Hydrocortisone acetate	5744	CHEMBL1091
Hydrocortisone butyrate	26133	CHEMBL1683
Hydrocortisone cypionate	223253	CHEMBL1549
Hydrocortisone hemisuccinate	16623	CHEMBL977
Hydrocortisone phosphate	441407	CHEMBL1641
Hydrocortisone probutate	636398	CHEMBL1200953
Hydrocortisone sodium phosphate	441406	CHEMBL1200968
Hydrocortisone sodium succinate	23694214	CHEMBL1200495
Hydrocortisone valerate	5282494	CHEMBL1200562
Hydroflumethiazide	3647	CHEMBL1763
Hydrogen peroxide	784	CHEMBL71595
Hydrogen sulfide	402	CHEMBL2105487
Hydrogenated Ergot Alkaloids	71717894	CHEMBL2311030
Hydromorphone	5284570	CHEMBL398707
Hydromorphone hydrochloride	5462347	CHEMBL1237055
Hydroquinone	785	CHEMBL537
Hydroxychloroquine	3652	CHEMBL1535
Hydroxychloroquine sulfate	12947	CHEMBL1690
Hydroxyprogesterone caproate	169870	CHEMBL1200848
Hydroxyurea	3657	CHEMBL467
Hydroxyzine	3658	CHEMBL896
Hydroxyzine pamoate	25096	CHEMBL1200467
Hyoscyamine	154417	CHEMBL1331216
Hyoscyamine sulfate	12310714	CHEMBL2146146
IRINOTECAN HYDROCHLORIDE Trihydrate	60837	CHEMBL3989514
Ibandronate sodium monohydrate	23663991	CHEMBL3989569
Ibandronic Acid	60852	CHEMBL997
Ibrexafungerp	46871657	CHEMBL4297513
Ibrexafungerp citrate	137552087	CHEMBL4298168
Ibrutinib	24821094	CHEMBL1873475
Ibuprofen	3672	CHEMBL521
Ibuprofen lysine	9841440	CHEMBL1201141
Ibutilide	60753	CHEMBL533
Icatibant	6918173	CHEMBL2028850
Icatibant acetate	6918172	CHEMBL2028852
Icosapent ethyl	9831415	CHEMBL2095209
Idarubicin	42890	CHEMBL1117
Idarubicin hydrochloride	636362	CHEMBL1200976
Idebenone	3686	CHEMBL252556
Idelalisib	11625818	CHEMBL2216870
Idoxuridine	5905	CHEMBL788
Ifenprodil	3689	CHEMBL305187
Ifosfamide	3690	CHEMBL1024
Iloperidone	71360	CHEMBL14376
Iloprost	5311181	CHEMBL494
Imatinib	5291	CHEMBL941
Imatinib Mesylate	123596	CHEMBL1642
Imidapril	5464343	CHEMBL317094
Imipenem	104838	CHEMBL148
Imipenem hydrate	5282372	CHEMBL43708
Imipramine	3696	CHEMBL11
Imipramine pamoate	24904	CHEMBL3989845
Imiquimod	57469	CHEMBL1282
Indacaterol	6918554	CHEMBL1095777
Indacaterol maleate	9827599	CHEMBL1789842
Indapamide	3702	CHEMBL406
Indinavir	5362440	CHEMBL115
Indinavir sulfate	5462355	CHEMBL1735
Indomethacin	3715	CHEMBL6
Indoprofen	3718	CHEMBL15870
Indoramin	33625	CHEMBL279516
Infigratinib	53235510	CHEMBL1852688
Infigratinib phosphate	56669626	CHEMBL1834657
Ingenol mebutate	6918670	CHEMBL1863513
Inosine pranobex	135449284	CHEMBL3833327
Insulin detemir	16137271	CHEMBL2104391
Integrilin	448812	CHEMBL1174
Iobenguane	60860	CHEMBL818
Iobenguane (131I)	71184	CHEMBL1615779
Ioflupane	10048368	CHEMBL1945778
Ioflupane I-123	3086674	CHEMBL3989517
Iopamidol	65492	CHEMBL1200932
Ipratropium	657309	CHEMBL1621597
Ipratropium bromide hydrate	16738693	CHEMBL2134724
Iprindole	21722	CHEMBL126224
Iproniazid	3748	CHEMBL92401
Ipstyl	6918011	CHEMBL1201185
Irbesartan	3749	CHEMBL1513
Irinotecan	60838	CHEMBL481
Isavuconazonium	6918606	CHEMBL1183349
Isavuconazonium sulfate	72196309	CHEMBL3137333
Isoaminile	6481	CHEMBL2105002
Isocarboxazid	3759	CHEMBL1201168
Isoetharine	3762	CHEMBL1201213
Isometheptene	22297	CHEMBL1697841
Isometheptene mucate	15605556	CHEMBL2355839
Isoniazid	3767	CHEMBL64
Isopropamide	3775	CHEMBL1201232
Isopropyl alcohol	3776	CHEMBL582
Isopropyl unoprostone	5282175	CHEMBL1200661
Isoproterenol	3779	CHEMBL434
Isoproterenol hydrochloride	5807	CHEMBL1711
Isosorbide dinitrate	6883	CHEMBL6622
Isosorbide mononitrate	27661	CHEMBL1311
Isotretinoin	5282379	CHEMBL547
Isradipine	3784	CHEMBL1648
Istodax	5352062	CHEMBL343448
Istradefylline	5311037	CHEMBL431770
Ivabradine	132999	CHEMBL471737
Ivabradine hydrochloride	3045381	CHEMBL2145077
Ivacaftor	16220172	CHEMBL2010601
Ivadal	13620391	CHEMBL3989820
Ivomec	9812710	CHEMBL1200633
Ivosidenib	71657455	CHEMBL3989958
Ixabepilone	6445540	CHEMBL1201752
Ixazomib	25183872	CHEMBL2141296
Ixazomib citrate	56844015	CHEMBL3545432
Kanamycin	6032	CHEMBL1384
Ketanserin	3822	CHEMBL51
Ketazolam	33746	CHEMBL2104356
Ketoconazole	3823	CHEMBL157101
Ketoprofen	3825	CHEMBL571
Ketorolac	3826	CHEMBL469
Ketorolac tromethamine	84003	CHEMBL1201124
Ketotifen	3827	CHEMBL534
Kindavate	71716069	CHEMBL2308885
L-Cysteine hydrochloride	60960	CHEMBL1200630
Labetalol	3869	CHEMBL429
Labetalol hydrochloride	71412	CHEMBL1200323
Lacidipine	5311217	CHEMBL460291
Lacosamide	219078	CHEMBL58323
Lactitol	157355	CHEMBL1661
Lactulose	11333	CHEMBL296306
Lamivudine	60825	CHEMBL141
Lamotrigine	3878	CHEMBL741
Lansoprazole	3883	CHEMBL480
Lapatinib	208908	CHEMBL554
Larotrectinib	46188928	CHEMBL3889654
Larotrectinib sulfate	67330085	CHEMBL3989939
Lasmiditan	11610526	CHEMBL3039520
Lasmiditan succinate	46927777	CHEMBL3039526
Latamoxef	47499	CHEMBL74632
Latanoprost	5311221	CHEMBL1051
Latanoprostene BUNOD	11156438	CHEMBL2364612
Ledipasvir	67505836	CHEMBL2374220
Lefamulin	25185057	CHEMBL3291398
Lefamulin acetate	86346053	CHEMBL3545309
Leflunomide	3899	CHEMBL960
Lemborexant	56944144	CHEMBL3545367
Lenalidomide	216326	CHEMBL848
Lenvatinib	9823820	CHEMBL1289601
Lenvatinib mesylate	11237762	CHEMBL2105704
Lercanidipine	65866	CHEMBL250270
Lesinurad	53465279	CHEMBL2105720
Letermovir	45138674	CHEMBL1241951
Letrozole	3902	CHEMBL1444
Leuprolide acetate	657180	CHEMBL1200775
Leuprolide mesylate	73456806	CHEMBL4802223
Leuprorelin	657181	CHEMBL1201199
Levalbuterol	123600	CHEMBL1002
Levalbuterol hydrochloride	123601	CHEMBL1201061
Levamisole	26879	CHEMBL1454
Levamlodipine	9822750	CHEMBL2111097
Levamlodipine maleate	69165622	CHEMBL4594288
Levetiracetam	5284583	CHEMBL1286
Levobunolol	39468	CHEMBL1201237
Levobunolol hydrochloride	5284409	CHEMBL1201177
Levocabastine	54385	CHEMBL1615438
Levocarnitine	10917	CHEMBL1149
Levocetirizine	1549000	CHEMBL1201191
Levocetirizine dihydrochloride	9955977	CHEMBL1201190
Levodopa	6047	CHEMBL1009
Levofloxacin	149096	CHEMBL33
Levoleucovorin	135398559	CHEMBL1908841
Levoleucovorin calcium	135500522	CHEMBL1908361
Levomefolate calcium	135564391	CHEMBL1615371
Levomefolic acid	135398561	CHEMBL1231574
Levomepromazine	72287	CHEMBL1764
Levomethadyl acetate	15130	CHEMBL1514
Levomilnacipran	6917779	CHEMBL99946
Levomilnacipran hydrochloride	6917778	CHEMBL2105732
Levonorgestrel	13109	CHEMBL1389
Levothyroxine	5819	CHEMBL1624
Levothyroxine sodium monohydrate	23667619	CHEMBL2103741
Lhrh, 6(d-nal(2))	49800011	CHEMBL1201309
Lidocaine	3676	CHEMBL79
Lidocaine hydrochloride monohydrate	16219577	CHEMBL1200409
Lidoflazine	3926	CHEMBL92870
Lifitegrast	11965427	CHEMBL2048028
Linaclotide	16158208	CHEMBL3301675
Linagliptin	10096344	CHEMBL237500
Lincomycin	3000540	CHEMBL1447
Lincomycin hydrochloride monohydrate	71476	CHEMBL3989551
Lindane	727	CHEMBL15891
Linezolid	441401	CHEMBL126
Liothyronine	5920	CHEMBL1544
Liothyronine sodium	23666110	CHEMBL1201119
Liraglutide recombinant	155543961	CHEMBL4524066
Lisdexamfetamine	11597698	CHEMBL1201222
Lisdexamfetamine dimesylate	11597697	CHEMBL1201178
Lisinopril	5362119	CHEMBL1237
Lisinopril dihydrate	5362118	CHEMBL419213
Lisuride	28864	CHEMBL157138
Lithium carbonate	11125	CHEMBL1200826
Lithium citrate	13520	CHEMBL1201170
Locol	16760425	CHEMBL2218894
Lodoxamide	44564	CHEMBL1201266
Lofepramine	3947	CHEMBL87708
Lofexidine	30668	CHEMBL17860
Lofexidine hydrochloride	30667	CHEMBL1788132
Lomefloxacin	3948	CHEMBL561
Lomitapide	9853053	CHEMBL354541
Lomitapide mesylate	11274333	CHEMBL2105662
Lomustine	3950	CHEMBL514
Lonafarnib	148195	CHEMBL298734
Loperamide	3955	CHEMBL841
Loperamide hydrochloride	71420	CHEMBL1707
Lopinavir	92727	CHEMBL729
Loracarbef	5284585	CHEMBL1013
Loracarbef monohydrate	5284584	CHEMBL1200610
Loratadine	3957	CHEMBL998
Lorazepam	3958	CHEMBL580
Lorcaserin	11658860	CHEMBL360328
Lorlatinib	71731823	CHEMBL3286830
Lornoxicam	54690031	CHEMBL1569487
Losartan	3961	CHEMBL191
Loteprednol etabonate	444025	CHEMBL1200865
Lovastatin	53232	CHEMBL503
Lovaza	9831414	CHEMBL1200711
Loxapine	3964	CHEMBL831
Lubiprostone	157920	CHEMBL1201134
Luliconazole	3003141	CHEMBL2105689
Lumacaftor	16678941	CHEMBL2103870
Lumateperone	21302490	CHEMBL3306803
Lumefantrine	6437380	CHEMBL38827
Lumiracoxib	151166	CHEMBL404108
Lurasidone	213046	CHEMBL1237021
Lurasidone hydrochloride	11237860	CHEMBL1615372
Lurbinectedin	57327016	CHEMBL4297516
Lusutrombopag	49843517	CHEMBL2107831
Lymecycline	54707177	CHEMBL2103929
Macitentan	16004692	CHEMBL2103873
Mafenide	3998	CHEMBL419
Mafenide acetate	25590	CHEMBL1201161
Magnesium Oxide	14792	CHEMBL1200572
Magnesium carbonate	11029	CHEMBL1200736
Magnesium chloride anhydrous	5360315	CHEMBL2219642
Magnesium citrate	6099959	CHEMBL3989480
Magnesium dichloride hexahydrate	24644	CHEMBL3185229
Magnesium sulfate	24083	CHEMBL2021423
Magnesium sulfate heptahydrate	24843	CHEMBL3989857
Malathion	4004	CHEMBL1200468
Mandelic acid	1292	CHEMBL1609
Mannitol	6251	CHEMBL689
Maprotiline	4011	CHEMBL21731
Maprotiline hydrochloride	71478	CHEMBL1237135
Maralixibat	9831643	CHEMBL363392
Maralixibat chloride	9831642	CHEMBL17879
Maraviroc	3002977	CHEMBL1201187
Masoprocol	71398	CHEMBL313972
Mazindol	4020	CHEMBL781
Mebendazole	4030	CHEMBL685
Mebeverine	4031	CHEMBL282121
Mebhydrolin	22530	CHEMBL1625607
Mebutamate	6151	CHEMBL1200922
Mecamylamine	4032	CHEMBL267936
Mechlorethamine	4033	CHEMBL427
Mechlorethamine hydrochloride	5935	CHEMBL1201001
Mecillinam	36273	CHEMBL530
Meclizine	4034	CHEMBL1623
Meclizine Hcl	173612	CHEMBL3989555
Meclofenamic acid	4037	CHEMBL509
Meclomen	23663959	CHEMBL1562610
Medazepam	4041	CHEMBL28333
Medroxyprogesterone acetate	6279	CHEMBL717
Medrysone	247839	CHEMBL1201173
Mefenamic acid	4044	CHEMBL686
Mefloquine	4046	CHEMBL416956
Mefruside	4047	CHEMBL2105131
Megestrol acetate	11683	CHEMBL1201139
Melanotan I	16154396	CHEMBL441738
Meloxicam	54677470	CHEMBL599
Melphalan	460612	CHEMBL852
Melphalan flufenamide	9935639	CHEMBL4303060
Melphalan flufenamide hydrochloride	70675838	CHEMBL4297403
Memantine	4054	CHEMBL807
Memantine hydrochloride	181458	CHEMBL1699
Menadione	4055	CHEMBL590
Menthol	1254	CHEMBL256087
Mepenzolate	4057	CHEMBL524004
Meperidine	4058	CHEMBL607
Meperidine hydrochloride	5750	CHEMBL1701
Mephaquin; Racemic mefloquine; Ro 21-5998; WR 142490	441362	CHEMBL535650
Mephentermine	3677	CHEMBL1201234
Mephenytoin	4060	CHEMBL861
Mephobarbital	8271	CHEMBL45029
Meprobamate	4064	CHEMBL979
Meptazinol	41049	CHEMBL314437
Mepyramine	4992	CHEMBL511
Mequitazine	4066	CHEMBL73451
Mercaptopurine	667490	CHEMBL1425
Meropenem	441130	CHEMBL127
Mesalamine	4075	CHEMBL704
Mesna	23662354	CHEMBL975
Mesoridazine	4078	CHEMBL1088
Metamizole	3111	CHEMBL461522
Metaproterenol	4086	CHEMBL776
Metaproterenol sulfate	441333	CHEMBL1568057
Metaraminol	5906	CHEMBL1201319
Metformin	4091	CHEMBL1431
Metformin hydrochloride	14219	CHEMBL1703
Methacholine	1993	CHEMBL978
Methacholine chloride	6114	CHEMBL1200764
Methacycline	54675785	CHEMBL249837
Methadone	4095	CHEMBL651
Methadone hydrochloride	14184	CHEMBL1200825
Methamphetamine	10836	CHEMBL1201201
Methamphetamine hydrochloride	66124	CHEMBL1200952
Methantheline	4097	CHEMBL1201264
Methapyrilene	4098	CHEMBL1411979
Metharbital	4099	CHEMBL450
Methazolamide	4100	CHEMBL19
Methdilazine	14677	CHEMBL1200959
Methenamine	4101	CHEMBL1201270
Methenamine hippurate	21945	CHEMBL1201104
Methicillin	6087	CHEMBL575
Methimazole	1349907	CHEMBL1515
Methotrexate	126941	CHEMBL34259
Methoxamine	6082	CHEMBL524
Methoxsalen	4114	CHEMBL416
Methoxyflurane	4116	CHEMBL1341
Methoxyphenamine	4117	CHEMBL2010507
Methscopolamine	71183	CHEMBL376897
Methsuximide	6476	CHEMBL697
Methyclothiazide	4121	CHEMBL1577
Methyl aminolevulinate	157922	CHEMBL1096562
Methyl aminolevulinate hydrochloride	157921	CHEMBL1201093
Methyl salicylate	4133	CHEMBL108545
Methylatropine	656598	CHEMBL1187724
Methyldopa	38853	CHEMBL459
Methylene Blue cation	4139	CHEMBL191083
Methylene Blue trihydrate	104827	CHEMBL550495
Methylergonovine	8226	CHEMBL1201356
Methylergonovine maleate	5281072	CHEMBL1200843
Methylhomatropine	5282592	CHEMBL1201235
Methylnaltrexone	5361918	CHEMBL1186579
Methylnaltrexone bromide	5361917	CHEMBL1201770
Methylphenidate	4158	CHEMBL796
Methylphenidate hydrochloride	9280	CHEMBL1722
Methylprednisolone	6741	CHEMBL650
Methylprednisolone acetate	5877	CHEMBL1364144
Methylprednisolone hemisuccinate	16923	CHEMBL1201265
Methylprednisolone sodium succinate	23680530	CHEMBL1201081
Methyltestosterone	6010	CHEMBL1395
Metildigoxin	443946	CHEMBL1697843
Metipranolol	31477	CHEMBL1291
Metixene	4167	CHEMBL1201342
Metoclopramide	4168	CHEMBL86
Metolazone	4170	CHEMBL878
Metoprolol	4171	CHEMBL13
Metoprolol succinate	62937	CHEMBL2356097
Metronidazole	4173	CHEMBL137
Metyrosine	441350	CHEMBL1200862
Mexiletine	4178	CHEMBL558
Mexiletine hydrochloride	21467	CHEMBL1200606
Mezlocillin	656511	CHEMBL1731
Mianserin	4184	CHEMBL6437
Mibefradil	60663	CHEMBL45816
Micafungin	477468	CHEMBL457547
Micafungin sodium	23666118	CHEMBL1237070
Miconazole	4189	CHEMBL91
Midalcipran	11622909	CHEMBL259209
Midazolam	4192	CHEMBL655
Midodrine	4195	CHEMBL1201212
Midostaurin	9829523	CHEMBL608533
Mifepristone	55245	CHEMBL1276308
Migalastat	176077	CHEMBL110458
Miglitol	441314	CHEMBL1561
Miglustat	51634	CHEMBL1029
Milk of magnesia	73981	CHEMBL1200718
Milrinone	4197	CHEMBL189
Milrinone lactate	172293	CHEMBL1200977
Miltefosine	3599	CHEMBL125
Minaprine	4199	CHEMBL278819
Minocycline	54675783	CHEMBL1434
Minocycline hydrochloride	54685925	CHEMBL1200881
Minoxidil	4201	CHEMBL802
Mipomersen sodium	44564107	CHEMBL502097
Mirabegron	9865528	CHEMBL2095212
Mirtazapine	4205	CHEMBL654
Misoprostol	5282381	CHEMBL606
Mitobronitol	656655	CHEMBL447629
Mitotane	4211	CHEMBL1670
Mitoxantrone	4212	CHEMBL58
Mitoxantrone hydrochloride	51082	CHEMBL1417019
Mizolastine	65906	CHEMBL94454
Mobocertinib	118607832	CHEMBL4650319
Mobocertinib succinate	146026179	CHEMBL4802239
Moclobemide	4235	CHEMBL86304
Modafinil	4236	CHEMBL1373
Moexipril	91270	CHEMBL1165
Moexipril hydrochloride	54889	CHEMBL1200534
Molindone	23897	CHEMBL460
Molindone hydrochloride	9883259	CHEMBL1200419
Molsidomine	5353788	CHEMBL1329455
Mometasone furoate	441336	CHEMBL1161
Monomethyl fumarate	5369209	CHEMBL589586
Monosodium phosphate	23672064	CHEMBL1368
Montelukast	5281040	CHEMBL787
Montelukast sodium	23663996	CHEMBL1200681
Moricizine	34633	CHEMBL1075
Morphine	5288826	CHEMBL70
Morphine sulfate pentahydrate	6321225	CHEMBL2103744
Moxidectin	9832912	CHEMBL2104415
Moxifloxacin	152946	CHEMBL32
Moxifloxacin hydrochloride	101526	CHEMBL1200735
Moxisylyte	4260	CHEMBL159226
Moxonidine	4810	CHEMBL19236
Mthpc	136106195	CHEMBL383675
Mupirocin	446596	CHEMBL719
Mupirocin calcium	5282317	CHEMBL3989715
Mycophenolic acid	446541	CHEMBL866
N-Acetyl-DL-glutamic acid	185	CHEMBL2142890
N-Propylajmaline	98070685	CHEMBL3833382
N-[(1R,2R)-1-(2,3-dihydro-1,4-benzodioxin-6-yl)-1-hydroxy-3-pyrrolidin-1-ylpropan-2-yl]octanamide;2,3-dihydroxybutanedioic acid	145948323	CHEMBL4297066
N-benzyl-2-(5-(4-(2-morpholinoethoxy)phenyl)pyridin-2-yl)acetamide	23635314	CHEMBL571546
Nabumetone	4409	CHEMBL1070
Nadolol	39147	CHEMBL649
Nafcillin	8982	CHEMBL1443
Nafcillin sodium monohydrate	23704143	CHEMBL1568276
Naftazone	71688	CHEMBL2106794
Naftifine	47641	CHEMBL626
Naftifine hydrochloride	5281098	CHEMBL1200493
Nalbuphine	5311304	CHEMBL895
Nalbuphine hydrochloride	5360733	CHEMBL1201132
Naldemedine	54732242	CHEMBL2105755
Naldemedine tosylate	56837137	CHEMBL3039508
Nalidixic acid	4421	CHEMBL5
Nalmefene	5284594	CHEMBL982
Naloxegol	56959087	CHEMBL2219418
Naloxegol oxalate	56959086	CHEMBL2219416
Naloxone	5284596	CHEMBL80
Naloxone hydrochloride	5464092	CHEMBL1718
Naltrexone	5360515	CHEMBL19019
Naltrexone hydrochloride	5485201	CHEMBL1201149
Nandrolone decanoate	9677	CHEMBL1200946
Nandrolone phenpropionate	229455	CHEMBL1200412
Naphazoline	4436	CHEMBL761
Naphazoline hydrochloride	11079	CHEMBL1706
Naproxen	156391	CHEMBL154
Naproxen sodium	23681059	CHEMBL1200806
Naratriptan	4440	CHEMBL1278
Naratriptan hydrochloride	60875	CHEMBL1200601
Natamycin	5284447	CHEMBL1200656
Nateglinide	5311309	CHEMBL783
Natrum gluconicum	23664049	CHEMBL2068884
Nebivolol	71301	CHEMBL434394
Nebivolol hydrochloride	9933004	CHEMBL1201731
Nedocromil	50294	CHEMBL746
Nedocromil sodium	50295	CHEMBL915
Nefazodone	4449	CHEMBL623
Nefazodone hydrochloride	54911	CHEMBL1200492
Nefopam	4450	CHEMBL465026
Nelarabine	3011155	CHEMBL1201112
Nelfinavir	64143	CHEMBL584
Nelfinavir mesylate	64142	CHEMBL1205
Neostigmine	4456	CHEMBL278020
Neostigmine methylsulfate	5824	CHEMBL211471
Nepafenac	151075	CHEMBL1021
Neratinib	9915743	CHEMBL180022
Neratinib maleate	67307512	CHEMBL3989921
Netarsudil	66599893	CHEMBL4594250
Netarsudil mesylate	90410375	CHEMBL4594251
Netilmicin	441306	CHEMBL1572
Netupitant	6451149	CHEMBL206253
Nevirapine	4463	CHEMBL57
Nexium	9568613	CHEMBL2146133
Nialamide	4472	CHEMBL1256841
Nicardipine	4474	CHEMBL1484
Nicardipine hydrochloride	41114	CHEMBL1200326
Nicergoline	34040	CHEMBL1372950
Niclosamide	4477	CHEMBL1448
Nicorandil	47528	CHEMBL284906
Nicotinamide	936	CHEMBL1140
Nicotine	89594	CHEMBL3
Nicotinic acid	938	CHEMBL573
Nifedipine	4485	CHEMBL193
Nifurtimox	6842999	CHEMBL290960
Nikethamide	5497	CHEMBL2104607
Nilotinib	644241	CHEMBL255863
Nilotinib hydrochloride monohydrate	16757572	CHEMBL1201740
Nilutamide	4493	CHEMBL1274
Nimesulide	4495	CHEMBL56367
Nimodipine	4497	CHEMBL1428
Nintedanib	135423438	CHEMBL502835
Nintedanib esylate	135476717	CHEMBL3039504
Niraparib	24958200	CHEMBL1094636
Niraparib tosylate monohydrate	74763937	CHEMBL3989922
Nisoldipine	4499	CHEMBL1726
Nitazoxanide	41684	CHEMBL1401
Nitrendipine	4507	CHEMBL475534
Nitric oxide	145068	CHEMBL1200689
Nitrofurantoin	6604200	CHEMBL572
Nitrofurazone	5447130	CHEMBL869
Nitroglycerin	4510	CHEMBL730
Nitrous acid	24529	CHEMBL1161681
Nomifensine	4528	CHEMBL273575
Noptracin	70687193	CHEMBL2096639
Norepinephrine	439260	CHEMBL1437
Norethindrone acetate	5832	CHEMBL1201146
Norfloxacin	4539	CHEMBL9
Norgestimate	6540478	CHEMBL1200934
Nortriptyline	4543	CHEMBL445
Nortriptyline hydrochloride	441358	CHEMBL1201156
Noscapine	275196	CHEMBL364713
Not available	44564108	CHEMBL2219536
Nystatin A1	11286230	CHEMBL450895
Obeticholic acid	447715	CHEMBL566315
Octocrylene	22571	CHEMBL1201147
Octreotide	448601	CHEMBL1680
Octreotide acetate	6917964	CHEMBL1200480
Octyl methoxycinnamate	21630	CHEMBL3183184
Odevixibat	10153627	CHEMBL4297588
Ofloxacin	4583	CHEMBL4
Olanzapine	135398745	CHEMBL715
Olanzapine pamoate	135566032	CHEMBL3989694
Olaparib	23725625	CHEMBL521686
Oliceridine	66553195	CHEMBL2443262
Olmesartan medoxomil	130881	CHEMBL1200692
Olodaterol	11504295	CHEMBL605846
Olodaterol hydrochloride	11711522	CHEMBL2105743
Olopatadine	5281071	CHEMBL1189432
Olopatadine hydrochloride	5282402	CHEMBL1719
Olsalazine	22419	CHEMBL425
Olsalazine sodium	135413505	CHEMBL1201013
Omacetaxine mepesuccinate	285033	CHEMBL46286
Omadacycline	54697325	CHEMBL1689772
Omadacycline tosylate	54746485	CHEMBL2103854
Ombitasvir	54767916	CHEMBL3127326
Omeprazole	4594	CHEMBL1503
Ondansetron	4595	CHEMBL46
Ondansetron hydrochloride dihydrate	59774	CHEMBL3186492
Onglyza	11243969	CHEMBL385517
Opicapone	135565903	CHEMBL1089318
Oritavancin	16136912	CHEMBL1688530
Oritavancin diphosphate	53297457	CHEMBL3989766
Orlistat	3034010	CHEMBL175247
Ornidazole	28061	CHEMBL1449676
Orphenadrine	4601	CHEMBL900
Orphenadrine citrate	83823	CHEMBL1200395
Orphenadrine hydrochloride	9568	CHEMBL1201023
Oseltamivir	65028	CHEMBL1229
Oseltamivir phosphate	78000	CHEMBL1200340
Osilodrostat	44139752	CHEMBL3099695
Osilodrostat phosphate	71009737	CHEMBL3707393
Osimertinib	71496458	CHEMBL3353410
Osimertinib mesylate	78357807	CHEMBL3545063
Ospemifene	3036505	CHEMBL2105395
Ouabain	439501	CHEMBL222863
Ouabain octahydrate	6364534	CHEMBL1889436
Oxacillin	6196	CHEMBL819
Oxamniquine	4612	CHEMBL847
Oxaprozin	4614	CHEMBL1071
Oxatomide	4615	CHEMBL13828
Oxazepam	4616	CHEMBL568
Oxcarbazepine	34312	CHEMBL1068
Oxiconazole	5353853	CHEMBL1262
Oxiconazole nitrate	9556529	CHEMBL1200836
Oxitropium	6917866	CHEMBL4297364
Oxitropium bromide	6917865	CHEMBL4297109
Oxprenolol	4631	CHEMBL546
Oxtriphylline	656652	CHEMBL1200434
Oxybenzone	4632	CHEMBL1625
Oxybuprocaine	4633	CHEMBL1200
Oxybutynin	4634	CHEMBL1231
Oxybutynin chloride	91505	CHEMBL1133
Oxycodone	5284603	CHEMBL656
Oxycodone hydrochloride	5462350	CHEMBL1200890
Oxycodone terephthalate	23724882	CHEMBL3989826
Oxymetazoline	4636	CHEMBL762
Oxymetazoline hydrochloride	66259	CHEMBL1200791
Oxymorphone	5284604	CHEMBL963
Oxymorphone hydrochloride	5359390	CHEMBL1200794
Oxypertine	4640	CHEMBL2107011
Oxyphenbutazone	4641	CHEMBL1228
Oxyphenbutazone hydrate	104811	CHEMBL3989676
Oxyphencyclimine	4642	CHEMBL1495
Oxyphenisatine	31315	CHEMBL245807
Oxyphenonium	5749	CHEMBL1201286
Oxytetracycline	54675779	CHEMBL1517
Oxytocin	439302	CHEMBL395429
Ozanimod	52938427	CHEMBL3707247
Ozanimod hydrochloride	91618104	CHEMBL3707246
Ozenoxacin	9863827	CHEMBL3990047
Paclitaxel	36314	CHEMBL428647
Palbociclib	5330286	CHEMBL189963
Paliperidone	115237	CHEMBL1621
Paliperidone Palmitate	9852746	CHEMBL2107360
Palonosetron	6337614	CHEMBL1189679
Palonosetron hydrochloride	6918303	CHEMBL1720
Paludrine	9570076	CHEMBL1201059
Pamidronic acid	4674	CHEMBL834
Panobinostat	6918837	CHEMBL483254
Panobinostat lactate	23725423	CHEMBL3545368
Pantoprazole	4679	CHEMBL1502
Pantoprazole sodium hydrate	23684923	CHEMBL3989559
Pantothenic acid	6613	CHEMBL1594
Papaverine	4680	CHEMBL19224
Paramethadione	8280	CHEMBL1100
Parecoxib	119828	CHEMBL1206690
Pargyline	4688	CHEMBL673
Paricalcitol	5281104	CHEMBL1200622
Paritaprevir	45110509	CHEMBL3391662
Paromomycin	165580	CHEMBL370143
Paromomycin sulfate	441375	CHEMBL2206196
Paroxetine	43815	CHEMBL490
Paroxetine hydrochloride	62878	CHEMBL1708
Pasireotide embonate	118753638	CHEMBL3545188
Pazopanib	10113978	CHEMBL477772
Pazopanib hydrochloride	11525740	CHEMBL1201733
Pefloxacin	51081	CHEMBL267648
Pemetrexed	135410875	CHEMBL225072
Pemetrexed disodium	135413520	CHEMBL2360464
Pemigatinib	86705695	CHEMBL4297522
Pemoline	4723	CHEMBL1177
Penamecillin	10250769	CHEMBL2106988
Penbutolol	37464	CHEMBL1290
Penciclovir	135398748	CHEMBL1540
Penicillamine	5852	CHEMBL1430
Penicillin G benzathine	656811	CHEMBL3989515
Penicillin G procaine	22502	CHEMBL1200936
Penicillin G sodium	23668834	CHEMBL1126
Penicillin g	5904	CHEMBL29
Penicillin v	6869	CHEMBL615
Pentaerythritol tetranitrate	6518	CHEMBL466659
Pentamidine	4735	CHEMBL55
Pentamidine isethionate	8813	CHEMBL361506
Pentetate calcium trisodium	25513	CHEMBL1200945
Pentetic acid	3053	CHEMBL780
Pentobarbital	4737	CHEMBL448
Pentostatin	439693	CHEMBL1580
Pentoxifylline	4740	CHEMBL628
Pepcid	5702160	CHEMBL902
Peramivir	154234	CHEMBL139367
Peramivir trihydrate	11954371	CHEMBL3989402
Perampanel	9924495	CHEMBL1214124
Perborate	5460515	CHEMBL3707334
Pergolide	47811	CHEMBL531
Perhexiline	4746	CHEMBL75880
Periciazine	4747	CHEMBL251940
Perindopril	107807	CHEMBL1581
Perindopril arginine	12068809	CHEMBL3544986
Perindopril erbumine	441313	CHEMBL1200343
Permethrin	40326	CHEMBL1525
Perphenazine	4748	CHEMBL567
Pexidartinib	25151352	CHEMBL3813873
Pexidartinib hydrochloride	73053710	CHEMBL3989973
Phenacemide	4753	CHEMBL918
Phenacetin	4754	CHEMBL16073
Phenazocine	14707	CHEMBL46399
Phendimetrazine	30487	CHEMBL1615439
Phenelzine	3675	CHEMBL1089
Pheneticillin	272833	CHEMBL1614637
Pheneturide	72060	CHEMBL2107062
Phenformin	8249	CHEMBL170988
Phenindamine	11291	CHEMBL278398
Phenindione	4760	CHEMBL711
Pheniramine	4761	CHEMBL1193
Phenobarbital	4763	CHEMBL40
Phenol	996	CHEMBL14060
Phenolphthalein	4764	CHEMBL63857
Phenothrin	4767	CHEMBL1322884
Phenoxybenzamine	4768	CHEMBL753
Phenoxybenzamine hydrochloride	5284441	CHEMBL1200787
Phenprocoumon	54680692	CHEMBL1465
Phensuximide	6839	CHEMBL797
Phentermine	4771	CHEMBL1574
Phentermine hydrochloride	70969	CHEMBL1200912
Phentolamine	5775	CHEMBL597
Phentolamine mesylate	91430	CHEMBL1200873
Phenylbutazone	4781	CHEMBL101
Phenylephrine	6041	CHEMBL1215
Phenylephrine hydrochloride	5284443	CHEMBL1200339
Phenylpropanolamine	4786	CHEMBL61006
Phenytoin	1775	CHEMBL16
Phloroglucinol	359	CHEMBL473159
Pholcodine	5311356	CHEMBL2105224
Photrexa	23687712	CHEMBL3989697
Physostigmine	5983	CHEMBL94
Pibrentasvir	58031952	CHEMBL3545123
Picosulfuric acid	5243	CHEMBL1741134
Picotamide	4814	CHEMBL1257015
Pilocarpine	5910	CHEMBL550
Pimavanserin	10071196	CHEMBL2111101
Pimecrolimus	6509979	CHEMBL1200686
Pimozide	16362	CHEMBL1423
Pinacidil	4826	CHEMBL1159
Pinacidil monohydrate	55329	CHEMBL1200338
Pinaverium	40704	CHEMBL1909324
Pindolol	4828	CHEMBL500
Pioglitazone	4829	CHEMBL595
Pioglitazone hydrochloride	60560	CHEMBL1715
Pipemidic acid	4831	CHEMBL30116
Pipenzolate	4832	CHEMBL1619528
Piperacillin	43672	CHEMBL702
Piperacillin sodium	23666879	CHEMBL1200820
Piperazine	4837	CHEMBL1412
Piperidolate	4839	CHEMBL1623992
Pipobroman	4842	CHEMBL1585
Pipotiazine palmitate	37767	CHEMBL2106439
Piracetam	4843	CHEMBL36715
Pirbuterol	4845	CHEMBL1094966
Pirbuterol acetate	171674	CHEMBL1200444
Pirenzepine	4848	CHEMBL9967
Piretanide	4849	CHEMBL349803
Pirfenidone	40632	CHEMBL1256391
Piribedil	4850	CHEMBL1371770
Piroxicam	54676228	CHEMBL527
Pirprofen	35935	CHEMBL188952
Pitavastatin	5282452	CHEMBL1201753
Pitavastatin hemicalcium	5282451	CHEMBL1237061
Pitavastatin sodium	23696934	CHEMBL3989920
Pitolisant	9948102	CHEMBL462605
Pitolisant hydrochloride	11551689	CHEMBL4164059
Pivampicillin	33478	CHEMBL3182343
Pivmecillinam	115163	CHEMBL1650818
Pixantrone	134019	CHEMBL167731
Plazomicin	42613186	CHEMBL1650559
Plazomicin Sulfate	71515458	CHEMBL2364623
Plecanatide	70693500	CHEMBL2103867
Plerixafor	65015	CHEMBL18442
Podofilox	10607	CHEMBL61
Poldine	11018	CHEMBL2110948
Polidocanol	656641	CHEMBL1231723
Polymyxin B, sulphate	134129842	CHEMBL3989714
Polythiazide	4870	CHEMBL1587
Pomalidomide	134780	CHEMBL43452
Ponatinib	24826799	CHEMBL1171837
Ponatinib hydrochloride	46908927	CHEMBL2105708
Ponesimod	11363176	CHEMBL1096146
Posaconazole	468595	CHEMBL1397
Potassium canrenoate	23671691	CHEMBL1371200
Potassium chloride	4873	CHEMBL1200731
Potassium citrate	13344	CHEMBL1200458
Potassium citrate monohydrate	2735208	CHEMBL3989822
Potassium clavulanate	23665591	CHEMBL1003
Potassium dihydrogen phosphate	516951	CHEMBL1200925
Potassium iodide	4875	CHEMBL1141
Potassium perchlorate	516900	CHEMBL1200696
Practolol	4883	CHEMBL6995
Pralatrexate	148121	CHEMBL1201746
Pralidoxime	4884	CHEMBL1420
Pralsetinib	129073603	CHEMBL4582651
Pramipexole	119570	CHEMBL301265
Pramipexole dihydrochloride monohydrate	166589	CHEMBL3182733
Pramlintide	70691388	CHEMBL2103758
Pramocaine	4886	CHEMBL1198
Pramoxine hydrochloride	73957	CHEMBL1201171
Prasugrel	6918456	CHEMBL1201772
Prasugrel hydrochloride	10158453	CHEMBL1201773
Pravastatin	54687	CHEMBL1144
Pravastatin sodium	16759173	CHEMBL690
Prazepam	4890	CHEMBL969
Praziquantel	4891	CHEMBL976
Prazosin	4893	CHEMBL2
Prazosin hydrochloride	68546	CHEMBL1558
Prednicarbate	6714002	CHEMBL1200386
Prednisolone	5755	CHEMBL131
Prednisolone acetate	5834	CHEMBL1152
Prednisolone phosphate	72078	CHEMBL1201231
Prednisolone sodium phosphate	441409	CHEMBL1201014
Prednisolone tebutate	93055	CHEMBL1200909
Prednisone	5865	CHEMBL635
Prefest	16051930	CHEMBL2107797
Pregabalin	5486971	CHEMBL1059
Prenylamine	9801	CHEMBL24072
Pretomanid	456199	CHEMBL227875
Prilocaine	4906	CHEMBL1194
Primaquine	4908	CHEMBL506
Primidone	4909	CHEMBL856
Probenecid	4911	CHEMBL897
Probucol	4912	CHEMBL608
Procainamide	4913	CHEMBL640
Procainamide hydrochloride	66068	CHEMBL605
Procaine	4914	CHEMBL569
Procaine penicillin G	5903	CHEMBL1628385
Procarbazine	4915	CHEMBL1321
Prochlorperazine	4917	CHEMBL728
Procyclidine	4919	CHEMBL86715
Profenamine	3290	CHEMBL1206
Progesterone	5994	CHEMBL103
Proglumide	4922	CHEMBL316561
Prograf	5282315	CHEMBL3989887
Proguanil	6178111	CHEMBL1377
Promazine	4926	CHEMBL564
Promethazine	4927	CHEMBL643
Promethazine hydrochloride	6014	CHEMBL1200750
Propafenone	4932	CHEMBL631
Propafenone hydrochloride	36708	CHEMBL1201063
Propantheline	4934	CHEMBL1180725
Propantheline bromide	9279	CHEMBL1240
Propicillin	92879	CHEMBL2105612
Propiverine	4942	CHEMBL1078261
Propoxyphene	10100	CHEMBL1213351
Propoxyphene hydrochloride	15424	CHEMBL1237104
Propranolol	4946	CHEMBL27
Propranolol hydrochloride	62882	CHEMBL1671
Propylthiouracil	657298	CHEMBL1518
Proscillaridin	5284613	CHEMBL600325
Prothipendyl	14670	CHEMBL2111030
Protionamide	666418	CHEMBL1378024
Protopam chloride	135445761	CHEMBL748
Protriptyline	4976	CHEMBL668
Protriptyline hydrochloride	6603149	CHEMBL1200332
Proxyphylline	4977	CHEMBL37390
Prucalopride	3052762	CHEMBL117287
Prucalopride succinate	9870009	CHEMBL2105748
Pseudoephedrine	7028	CHEMBL1590
Pseudoephedrine hydrochloride	9581	CHEMBL1200724
Pseudoephedrine sulfate	9802673	CHEMBL3989855
Pyostacine 500	71454599	CHEMBL2146161
Pyrantel	708857	CHEMBL1626223
Pyrazinamide	1046	CHEMBL614
Pyridostigmine	4991	CHEMBL1115
Pyridostigmine bromide	7550	CHEMBL812
Pyridoxine	1054	CHEMBL1364
Pyridoxine hydrochloride	6019	CHEMBL1200756
Pyrilamine maleate	5284451	CHEMBL1201006
Pyrimethamine	4993	CHEMBL36
Pyrvinium	5281035	CHEMBL1201303
Qbrexza (TN)	71680039	CHEMBL3707243
Quazepam	4999	CHEMBL1200472
Quetiapine	5002	CHEMBL716
Quetiapine fumarate	5281025	CHEMBL3188993
Quinapril	54892	CHEMBL1592
Quinapril hydrochloride	54891	CHEMBL1201011
Quinethazone	6307	CHEMBL1532
Quinidine	441074	CHEMBL1294
Quinidine gluconate	94328	CHEMBL1200437
Quinine	3034034	CHEMBL170
Quinine sulfate	16211610	CHEMBL2359966
Rabeprazole	5029	CHEMBL1219
Rabeprazole sodium	14720269	CHEMBL1200930
Racemoramide, (s)-	127021145	CHEMBL3833389
Raloxifene	5035	CHEMBL81
Raloxifene hydrochloride	54900	CHEMBL1116
Raltegravir	54671008	CHEMBL254316
Raltegravir potassium	23668479	CHEMBL518520
Raltitrexed	135400182	CHEMBL225071
Ramelteon	208902	CHEMBL1218
Ramipril	5362129	CHEMBL1168
Ranelic acid	3052774	CHEMBL2107175
Ranisen	5039	CHEMBL1790041
Ranitidine Hydrochloride	47909	CHEMBL2110372
Ranitidine bismuth citrate	62984	CHEMBL2111286
Ranolazine	56959	CHEMBL1404
Rasagiline	3052776	CHEMBL887
Rasagiline mesylate	3052775	CHEMBL1201142
Regadenoson	219024	CHEMBL317052
Regadenoson hydrate	44154280	CHEMBL3989695
Reglan	441347	CHEMBL1200940
Regorafenib	11167602	CHEMBL1946170
Relebactam	44129647	CHEMBL3112741
Relebactam monohydrate	76900350	CHEMBL3301605
Relugolix	10348973	CHEMBL1800159
Remdesivir	121304016	CHEMBL4065616
Remoxipride	54477	CHEMBL22242
Repaglinide	65981	CHEMBL1272
Reproterol	25654	CHEMBL1095607
Rescinnamine	5280954	CHEMBL1668
Reserpine	5770	CHEMBL772
Resorcinol	5054	CHEMBL24147
Retapamulin	6918462	CHEMBL1658
Retigabine	121892	CHEMBL41355
Retinol	445354	CHEMBL986
Revefenacin	11753673	CHEMBL3833319
Ribavirin	37542	CHEMBL1643
Ribociclib	44631912	CHEMBL3545110
Ribociclib succinate	57334219	CHEMBL3707266
Riboflavin	493570	CHEMBL1534
Rifampicin	135398735	CHEMBL374478
Rifamycin	6324616	CHEMBL437765
Rifamycin SV sodium salt	42620466	CHEMBL2105680
Rifapentine	135403821	CHEMBL1660
Rifaximin	6436173	CHEMBL1617
Rilpivirine	6451164	CHEMBL175691
Rilpivirine hydrochloride	11711114	CHEMBL1628504
Riluzole	5070	CHEMBL744
Rimantadine	5071	CHEMBL959
Rimantadine hydrochloride	15165	CHEMBL535396
Rimegepant	51049968	CHEMBL2178422
Rimegepant sulfate	71586738	CHEMBL2364629
Rimexolone	5311412	CHEMBL1200617
Rimiterol	431097	CHEMBL88055
Rimonabant	104850	CHEMBL111
Riociguat	11304743	CHEMBL2107834
Ripretinib	71584930	CHEMBL4216467
Risdiplam	118513932	CHEMBL4297528
Risedronate sodium	4194514	CHEMBL1654
Risedronic acid	5245	CHEMBL923
Risperidone	5073	CHEMBL85
Ritonavir	392622	CHEMBL163
Rivaroxaban	9875401	CHEMBL198362
Rivastigmine	77991	CHEMBL636
Rizatriptan	5078	CHEMBL905
Rizatriptan benzoate	77997	CHEMBL1201032
Rocefin	60196280	CHEMBL3183968
Rofecoxib	5090	CHEMBL122
Roflumilast	449193	CHEMBL193240
Rolapitant	10311306	CHEMBL3707331
Rolapitant hydrochloride	16203739	CHEMBL3707330
Ropinirole	5095	CHEMBL589
Ropinirole hydrochloride	68727	CHEMBL1200411
Ropivacaine	175805	CHEMBL1077896
Ropivacaine hydrochloride	175804	CHEMBL1889140
Rosiglitazone	77999	CHEMBL121
Rosiglitazone maleate	5281055	CHEMBL843
Rosoxacin	287180	CHEMBL291157
Rosuvastatin	446157	CHEMBL1496
Rosuvastatin calcium	5282455	CHEMBL1744447
Rotigotine	59227	CHEMBL1303
Rubidium chloride	62683	CHEMBL2110557
Rucaparib	9931954	CHEMBL1173055
Rucaparib camsylate	121490161	CHEMBL3833368
Rufinamide	129228	CHEMBL1201754
Rulide	6915744	CHEMBL1214185
Ruxolitinib	25126798	CHEMBL1789941
Ruxolitinib phosphate	25127112	CHEMBL1795071
Sacubitril	9811834	CHEMBL3137301
Safinamide	131682	CHEMBL396778
Safinamide mesylate	3038502	CHEMBL48582
Salbutamol	2083	CHEMBL714
Salicylic acid	338	CHEMBL424
Saligren	66577068	CHEMBL2218917
Salmeterol	5152	CHEMBL1263
Salmeterol xinafoate	56801	CHEMBL1082607
Salsalate	5161	CHEMBL154111
Samidorphan	11667832	CHEMBL426084
Samidorphan L-malate	53362094	CHEMBL2105749
Sapropterin	135398654	CHEMBL1201774
Sapropterin dihydrochloride	135409471	CHEMBL1201775
Saquinavir	441243	CHEMBL114
Sarecycline	54681908	CHEMBL2364632
Sarecycline Hydrochloride	71296095	CHEMBL2364633
Saxagliptin hydrate	53297473	CHEMBL2103745
Saxagliptin hydrochloride	49800073	CHEMBL1201743
Scopolamine	3000322	CHEMBL569713
Sdz-ena 713	9952812	CHEMBL215645
Secnidazole	71815	CHEMBL498847
Selegiline	26757	CHEMBL972
Selenium disulfide	24087	CHEMBL1200680
Selexipag	9913767	CHEMBL238804
Selinexor	71481097	CHEMBL3545185
Seloken	6420057	CHEMBL2062335
Selpercatinib	134436906	CHEMBL4559134
Selumetinib	10127622	CHEMBL1614701
Selumetinib sulfate	16214875	CHEMBL2105684
Serdexmethylphenidate chloride	134823897	CHEMBL4298139
Sertaconazole	65863	CHEMBL1201196
Sertaconazole nitrate	200103	CHEMBL1200725
Sertindole	60149	CHEMBL12713
Sertraline	68617	CHEMBL809
Sertraline hydrochloride	63009	CHEMBL1709
Setmelanotide	11993702	CHEMBL3301624
Setmelanotide acetate	154731816	CHEMBL4650273
Sevelamer	3085017	CHEMBL1201798
Sevelamer carbonate	11593706	CHEMBL1201799
Sibutramine	5210	CHEMBL1419
Sildenafil	135398744	CHEMBL192
Sildenafil citrate	135413523	CHEMBL1737
Silodosin	5312125	CHEMBL24778
Simeprevir	24873435	CHEMBL501849
Simvastatin	54454	CHEMBL1064
Siponimod	44599207	CHEMBL2336071
Siponimod fumarate	46700777	CHEMBL4298150
Sirolimus	5284616	CHEMBL413
Sitagliptin	4369359	CHEMBL1422
Sitagliptin phosphate monohydrate	11591741	CHEMBL1201174
Sitaxentan	216235	CHEMBL282724
Sodium acetate	517045	CHEMBL1354
Sodium ascorbate	23667548	CHEMBL591665
Sodium bicarbonate	516892	CHEMBL1353
Sodium chloride	5234	CHEMBL1200574
Sodium citrate	6224	CHEMBL1355
Sodium fluoride	5235	CHEMBL1528
Sodium fluoride F-18	23690531	CHEMBL1200744
Sodium iodide	5238	CHEMBL1644695
Sodium iodide I 123	11954386	CHEMBL1201083
Sodium iodide I 131	71368	CHEMBL1201084
Sodium monofluorophosphate	24266	CHEMBL1908359
Sodium nitrite	23668193	CHEMBL93268
Sodium oxybate	23663870	CHEMBL1200682
Sodium phenylbutyrate	5258	CHEMBL1746
Sodium picosulfate	68654	CHEMBL1697768
Sodium salicylate	16760658	CHEMBL447868
Sodium sulfate	24436	CHEMBL233406
Sodium sulfate decahydrate	62649	CHEMBL3989856
Sodium valproate	16760703	CHEMBL433
Sofosbuvir	45375808	CHEMBL1259059
Solifenacin	154059	CHEMBL1734
Solifenacin succinate	216457	CHEMBL1200803
Solriamfetol	10130337	CHEMBL4297620
Solriamfetol hydrochloride	67583702	CHEMBL4297212
Somatuline Depot	6918010	CHEMBL1201184
Sonidegib	24775005	CHEMBL2105737
Sonidegib phosphate	45138699	CHEMBL3137317
Sorafenib	216239	CHEMBL1336
Sorafenib tosylate	406563	CHEMBL1200485
Sorbitol	5780	CHEMBL1682
Sotagliflozin	24831714	CHEMBL3039507
Sotalol	5253	CHEMBL471
Sotalol hydrochloride	66245	CHEMBL1700
Sotorasib	137278711	CHEMBL4535757
Sotradecol	23665772	CHEMBL1200354
Sparfloxacin	60464	CHEMBL850
Spectinomycin	15541	CHEMBL1167
Spiramycin	5289394	CHEMBL453514
Spirapril	5311447	CHEMBL431
Spironolactone	5833	CHEMBL1393
Sporanox	3793	CHEMBL64391
Stavudine	18283	CHEMBL991
Stiripentol	5311454	CHEMBL1983350
Streptomycin	19649	CHEMBL372795
Streptomycin sulfate	19648	CHEMBL3184791
Streptozotocin	2733335	CHEMBL1651906
Strontium chloride SR-89	5388879	CHEMBL1200625
Strontium dichloride	5362485	CHEMBL2219640
Strontium ranelate	6918182	CHEMBL3707306
Sufentanil	41693	CHEMBL658
Sufentanil citrate	65494	CHEMBL1201163
Sulbactam	130313	CHEMBL403
Sulbactam sodium	23663973	CHEMBL1200944
Sulconazole	5318	CHEMBL1221
Sulconazole nitrate	65495	CHEMBL1200348
Sulcrate	134129852	CHEMBL3989780
Sulfacetamide	5320	CHEMBL455
Sulfacetamide sodium monohydrate	6419954	CHEMBL1723241
Sulfadiazine	5215	CHEMBL439
Sulfadiazine sodium	15899898	CHEMBL1200351
Sulfadimethoxine	5323	CHEMBL62193
Sulfalene	9047	CHEMBL1525826
Sulfamerazine	5325	CHEMBL438
Sulfameter	5326	CHEMBL1200359
Sulfamethazine	5327	CHEMBL446
Sulfamethizole	5328	CHEMBL1191
Sulfamethoxazole	5329	CHEMBL443
Sulfamethoxypyridazine	5330	CHEMBL268869
Sulfanilamide	5333	CHEMBL21
Sulfaphenazole	5335	CHEMBL1109
Sulfapyridine	5336	CHEMBL700
Sulfasalazine	5339	CHEMBL421
Sulfathiazole	5340	CHEMBL437
Sulfinpyrazone	5342	CHEMBL832
Sulfisoxazole	5344	CHEMBL453
Sulfoxone	5351	CHEMBL1570
Sulfoxone sodium	8954	CHEMBL1200580
Sulindac	1548887	CHEMBL15770
Suloctidil	5354	CHEMBL404849
Sulpiride	5355	CHEMBL26
Sulpyrine	23674183	CHEMBL3989803
Sultamicillin	444022	CHEMBL506110
Sultiame	5356	CHEMBL328560
Sumatriptan	5358	CHEMBL128
Sumatriptan succinate	59772	CHEMBL1201150
Sunitinib	5329102	CHEMBL535
Sunitinib malate	6456015	CHEMBL1567
Suprofen	5359	CHEMBL956
Suvorexant	24965990	CHEMBL1083659
Synercid	71770713	CHEMBL3137691
Tacalcitol	5283734	CHEMBL2105611
Tacrine	1935	CHEMBL95
Tacrolimus	445643	CHEMBL269732
Tadalafil	110635	CHEMBL779
Tafamidis	11001318	CHEMBL2103837
Tafamidis meglumine	24970412	CHEMBL2105675
Tafenoquine	115358	CHEMBL298470
Tafenoquine succinate	163761	CHEMBL2364635
Tafluprost	9868491	CHEMBL1963683
Talampicillin	71447	CHEMBL1619785
Talazoparib	135565082	CHEMBL3137320
Talazoparib tosylate	135565654	CHEMBL3137318
Talc	16211421	CHEMBL3989756
Talwin	4736	CHEMBL100116
Tamoxifen	2733526	CHEMBL83
Tamoxifen citrate	2733525	CHEMBL786
Tamsulosin	129211	CHEMBL836
Tamsulosin hydrochloride	5362376	CHEMBL1200914
Tapentadol	9838022	CHEMBL1201776
Tapentadol hydrochloride	9838021	CHEMBL1201777
Tasimelteon	10220503	CHEMBL2103822
Tavaborole	11499245	CHEMBL443052
Tazarotene	5381	CHEMBL1657
Tazemetostat	66558664	CHEMBL3414621
Tazemetostat hydrobromide	71761627	CHEMBL4594260
Tazobactam	123630	CHEMBL404
Tazobactam sodium	23663400	CHEMBL1439
Tecovirimat	16124688	CHEMBL1257073
Tedizolid	11234049	CHEMBL1257051
Teduglutide recombinant	70683012	CHEMBL2104987
Tegafur	5386	CHEMBL20883
Tegaserod	135409453	CHEMBL76370
Tegaserod maleate	135413539	CHEMBL1516474
Telaprevir	3010818	CHEMBL231813
Telavancin	3081362	CHEMBL507870
Telavancin Hydrochloride	9812715	CHEMBL3301680
Telbivudine	159269	CHEMBL374731
Telithromycin	3002190	CHEMBL1136
Telmisartan	65999	CHEMBL1017
Telotristat ethyl	25181577	CHEMBL2105695
Telotristat etiprate	25253377	CHEMBL3348963
Temafloxacin	60021	CHEMBL277100
Temazepam	5391	CHEMBL967
Temozolomide	5394	CHEMBL810
Temsirolimus	6918289	CHEMBL1201182
Tenapanor	71587953	CHEMBL3304485
Tenapanor hydrochloride	78131177	CHEMBL3301627
Teniposide	452548	CHEMBL452231
Tenofovir alafenamide	9574768	CHEMBL2107825
Tenofovir disoproxil	5481350	CHEMBL1538
Tenoxicam	54677971	CHEMBL302795
Tepotinib	25171648	CHEMBL3402762
Tepotinib Hydrochloride Hydrate	46700774	CHEMBL4594292
Terazosin	5401	CHEMBL611
Terazosin hydrochloride dihydrate	63016	CHEMBL3989562
Terbinafine	1549008	CHEMBL822
Terbutaline	5403	CHEMBL1760
Terbutaline sulfate	441334	CHEMBL1315867
Terfenadine	5405	CHEMBL17157
Teriflunomide	54684141	CHEMBL973
Teriparatide rdna	16132393	CHEMBL525610
Terodiline	23480	CHEMBL363295
Tertatolol	36920	CHEMBL434200
Testosterone	6013	CHEMBL386630
Testosterone cypionate	441404	CHEMBL1201101
Testosterone enanthate	9416	CHEMBL1200335
Testosterone undecanoate	65157	CHEMBL2107067
Tetraarsenic hexaoxide	518605	CHEMBL2362016
Tetrabenazine	6018	CHEMBL117785
Tetracaine	5411	CHEMBL698
Tetracycline	54675776	CHEMBL1440
Tetracycline hydrochloride	54704426	CHEMBL454950
Tetradecyl hydrogen sulfate (ester)	8771	CHEMBL1201345
Tetrahydrozoline	5419	CHEMBL1266
Tezacaftor	46199646	CHEMBL3544914
Thalidomide	5426	CHEMBL468
Thenalidine	27901	CHEMBL2105458
Theophylline	2153	CHEMBL190
Thiabendazole	5430	CHEMBL625
Thiamine	1130	CHEMBL1547
Thiamine hydrochloride	6202	CHEMBL1200941
Thiethylperazine	5440	CHEMBL1378
Thioguanine	2723601	CHEMBL727
Thiopropazate	6762	CHEMBL1697851
Thioridazine	5452	CHEMBL479
Thiotepa	5453	CHEMBL671
Thiothixene	941651	CHEMBL1201
Tiagabine	60648	CHEMBL1027
Tiagabine hydrochloride	91274	CHEMBL1695
Tiaprofenic acid	5468	CHEMBL365795
Ticagrelor	9871419	CHEMBL398435
Ticarcillin	36921	CHEMBL1449
Ticarcillin disodium	470375	CHEMBL1200855
Ticlopidine	5472	CHEMBL833
Ticlopidine hydrochloride	65335	CHEMBL1717
Tienilic acid	38409	CHEMBL267744
Tigecycline	54686904	CHEMBL376140
Tiludronic Acid	60937	CHEMBL1350
Timolol	33624	CHEMBL499
Timolol maleate	5281056	CHEMBL1200870
Tinidazole	5479	CHEMBL1220
Tiotropium	5487427	CHEMBL1900528
Tiotropium bromide monohydrate	11431811	CHEMBL3545181
Tipiracil	6323266	CHEMBL235668
Tipiracil hydrochloride	9903778	CHEMBL65375
Tipranavir	54682461	CHEMBL222559
Tirofiban	60947	CHEMBL916
Tirofiban hydrochloride	60946	CHEMBL3189072
Tisopurine	135445058	CHEMBL119423
Tivozanib	9911830	CHEMBL1289494
Tivozanib hydrochloride	11547978	CHEMBL2105756
Tizanidine	5487	CHEMBL1079
Tizanidine hydrochloride	114869	CHEMBL1200329
Tobramycin	36294	CHEMBL1747
Tocainide	38945	CHEMBL1762
Tofacitinib	9926791	CHEMBL221959
Tofacitinib citrate	10174505	CHEMBL2103743
Tolazamide	5503	CHEMBL817
Tolazoline	5504	CHEMBL770
Tolbutamide	5505	CHEMBL782
Tolcapone	4659569	CHEMBL1324
Tolfenamic acid	610479	CHEMBL121626
Tolmetin	5509	CHEMBL1020
Tolmetin sodium	23665411	CHEMBL1200613
Tolnaftate	5510	CHEMBL83668
Tolrestat	53359	CHEMBL436
Tolterodine	443879	CHEMBL1382
Tolterodine tartrate	9847786	CHEMBL1722209
Tolvaptan	216237	CHEMBL344159
Topiramate	5284627	CHEMBL220492
Topotecan	60700	CHEMBL84
Topotecan hydrochloride	60699	CHEMBL1607
Toremifene	3005573	CHEMBL1655
Toremifene citrate	3005572	CHEMBL1200675
Torsemide	41781	CHEMBL1148
Trabectedin	108150	CHEMBL450449
Tramadol HCl	9971980	CHEMBL1237065
Trametinib	11707110	CHEMBL2103875
Trametinib dimethyl sulfoxide	50992434	CHEMBL2105741
Trandolapril	5484727	CHEMBL1519
Tranexamic acid	5526	CHEMBL877
Travoprost	5282226	CHEMBL1200799
Trazodone	5533	CHEMBL621
Trazodone hydrochloride	62935	CHEMBL1200798
Treosulfan	9882105	CHEMBL455186
Treprostinil	6918140	CHEMBL1237119
Tretinoin	444795	CHEMBL38
Triamcinolone	31307	CHEMBL1451
Triamcinolone acetonide	6436	CHEMBL1504
Triamcinolone diacetate	6216	CHEMBL1200449
Triamcinolone hexacetonide	21826	CHEMBL1200878
Triamterene	5546	CHEMBL585
Triazolam	5556	CHEMBL646
Trichlorfon	5853	CHEMBL167150
Trichlormethiazide	5560	CHEMBL1054
Triclabendazole	50248	CHEMBL1086440
Tridihexethyl	20299	CHEMBL1201354
Trientine hydrochloride	71433	CHEMBL3989777
Triethanolamine	7618	CHEMBL446061
Triethylenetetramine	5565	CHEMBL609
Trifarotene	11518241	CHEMBL3707313
Trifluoperazine	5566	CHEMBL422
Trifluoperazine hydrochloride	66064	CHEMBL1257040
Trifluperidol	5567	CHEMBL15023
Triflupromazine	5568	CHEMBL570
Trifluridine	6256	CHEMBL1129
Trihexyphenidyl	5572	CHEMBL1490
Trilaciclib	68029831	CHEMBL3894860
Trilaciclib hydrochloride	124081865	CHEMBL4650272
Trilithium citrate tetrahydrate	2724118	CHEMBL2103738
Trilostane	656583	CHEMBL1200907
Trimeprazine	5574	CHEMBL829
Trimetazidine	21109	CHEMBL203266
Trimethadione	5576	CHEMBL695
Trimethaphan	23576	CHEMBL1201329
Trimethobenzamide	5577	CHEMBL1201256
Trimethobenzamide hydrochloride	68385	CHEMBL1200887
Trimethoprim	5578	CHEMBL22
Trimethyl glycine	248	CHEMBL95889
Trimipramine	5584	CHEMBL644
Trioxsalen	5585	CHEMBL1475
Tripelennamine	5587	CHEMBL1241
Triprolidine	5282443	CHEMBL855
Triprolidine hydrochloride monohydrate	5284472	CHEMBL3188034
Triptorelin	25074470	CHEMBL1201334
Triptorelin pamoate	25074469	CHEMBL1200554
Tritoqualine	72145	CHEMBL2104445
Troglitazone	5591	CHEMBL408
Troleandomycin	202225	CHEMBL564085
Tromethamine	6503	CHEMBL1200391
Tropicamide	5593	CHEMBL1200604
Tropisetron	656665	CHEMBL56564
Trospium	5284632	CHEMBL1888176
Trospium chloride	5284631	CHEMBL3084748
Trovafloxacin	62959	CHEMBL428
Tryptophan	6305	CHEMBL54976
Tucatinib	51039094	CHEMBL3989868
Tulobuterol	5606	CHEMBL1159717
Tykerb	11557040	CHEMBL1201179
Tyrosine	6057	CHEMBL925
Tyrothricin	452550	CHEMBL577736
Ubrogepant	68748835	CHEMBL2364638
Ultram	5523	CHEMBL1237044
Umbralisib	72950888	CHEMBL3948730
Umbralisib tosylate	86707828	CHEMBL3989869
Umeclidinium	11519070	CHEMBL1187833
Umeclidinium bromide	11519069	CHEMBL523299
Unk-Dab-Thr-Dab-Dab(1)-D-Dab-D-Phe-Leu-Dab-Dab-Thr-(1).Unk-Dab-Thr-Dab-Dab(2)-D-Dab-D-Phe-Leu-Dab-Dab-Thr-(2)	134129840	CHEMBL3989738
Unk-Dab-Unk-Dab-Dab(1)-Dab-D-Leu-Leu-Dab-Dab-Thr-(1).Unk-Dab-Unk-Dab-Dab(2)-Dab-D-Leu-Leu-Dab-Dab-Thr-(2)	76322320	CHEMBL2221249
Upadacitinib	58557659	CHEMBL3622821
Uracil mustard	6194	CHEMBL1488
Urea	1176	CHEMBL985
Urea, C-14	11457650	CHEMBL2096635
Uromycine	9898639	CHEMBL3039597
Ursodeoxycholic acid	31401	CHEMBL1551
Vaborbactam	56649692	CHEMBL3317857
Valacyclovir	135398742	CHEMBL1349
Valacyclovir hydrochloride	135398741	CHEMBL1201110
Valbenazine	24795069	CHEMBL2364639
Valbenazine tosylate	92042922	CHEMBL3707248
Valdecoxib	119607	CHEMBL865
Valganciclovir	135413535	CHEMBL1201314
Valganciclovir hydrochloride	135413534	CHEMBL1200454
Valproic acid	3121	CHEMBL109
Valrubicin	454216	CHEMBL1096885
Valsartan	60846	CHEMBL1069
Vancomycin	14969	CHEMBL262777
Vancomycin hydrochloride	6420023	CHEMBL1200628
Vandetanib	3081361	CHEMBL24828
Vardenafil	135400189	CHEMBL1520
Vardenafil hydrochloride	135438569	CHEMBL1339
Varenicline	170361	CHEMBL1396
Velpatasvir	67683363	CHEMBL3545062
Vemlidy	71492247	CHEMBL2364637
Vemurafenib	42611257	CHEMBL1229517
Venetoclax	49846579	CHEMBL3137309
Venlafaxine	5656	CHEMBL637
Venlafaxine hydrochloride	62923	CHEMBL1201066
Veralipride	47979	CHEMBL2105581
Verapamil	2520	CHEMBL6966
Verapamil hydrochloride	62969	CHEMBL1280
Vericiguat	54674461	CHEMBL4066936
Vernakalant	9930049	CHEMBL2111112
Vibegron	44472635	CHEMBL2107826
Vidarabine	21704	CHEMBL1090
Vigabatrin	5665	CHEMBL89598
Vilanterol	10184665	CHEMBL1198857
Vilanterol trifenatate	44482554	CHEMBL1084172
Vilazodone	6918314	CHEMBL439849
Vilazodone hydrochloride	6918313	CHEMBL1615374
Vildagliptin	6918537	CHEMBL142703
Viloxazine	5666	CHEMBL306700
Viloxazine hydrochloride	71424	CHEMBL2106483
Vinblastine	13342	CHEMBL159
Vinblastine sulfate	5388983	CHEMBL378544
Vincamine	15376	CHEMBL1165342
Vincristine	5978	CHEMBL90555
Vinflunine	10629256	CHEMBL2110725
Vinorelbine	5311497	CHEMBL553025
Vinpocetine	443955	CHEMBL71752
Viread	6398764	CHEMBL1486
Vismodegib	24776445	CHEMBL473417
Vitamin K1	5284607	CHEMBL1550
Vorapaxar	10077130	CHEMBL493982
Vorapaxar sulfate	10077129	CHEMBL2107386
Voriconazole	71616	CHEMBL638
Vorinostat	5311	CHEMBL98
Vortioxetine	9966051	CHEMBL2104993
Vortioxetine hydrobromide	56843850	CHEMBL2107387
Voxelotor	71602803	CHEMBL4101807
Warfarin	54678486	CHEMBL1464
Warfarin sodium	16204922	CHEMBL1200879
Water	962	CHEMBL1098659
Xamoterol	155774	CHEMBL75753
Xanthinol	9913	CHEMBL1624126
Xanthinol niacinate	9912	CHEMBL1560089
Xipamide	26618	CHEMBL517199
Xylometazoline	5709	CHEMBL312448
Yohimbine	8969	CHEMBL15245
ZINC acetate	11192	CHEMBL1200928
ZINC hydrate	3007857	CHEMBL3988900
Zafirlukast	5717	CHEMBL603
Zalcitabine	24066	CHEMBL853
Zaleplon	5719	CHEMBL1521
Zanamivir	60855	CHEMBL222813
Zanubrutinib	135565884	CHEMBL3936761
Zebeta	5281064	CHEMBL1472989
Ziconotide	16135415	CHEMBL4594214
Zidovudine	35370	CHEMBL129
Zileuton	60490	CHEMBL93
Zimeldine	5365247	CHEMBL37744
Zinc acetate dihydrate	2724192	CHEMBL3184986
Zinc sulfate	24424	CHEMBL1200929
Ziprasidone	60854	CHEMBL708
Ziprasidone hydrochloride monohydrate	60853	CHEMBL1375743
Zithromax	447043	CHEMBL529
Zoledronic acid	68740	CHEMBL924
Zolmitriptan	60857	CHEMBL1185
Zolpidem	5732	CHEMBL911
Zomepirac	5733	CHEMBL19490
Zotepine	5736	CHEMBL285802
Zypitamag	25069056	CHEMBL3989923
[(4R,4aS,7aR,12bS)-9-methoxy-3-methyl-2,4,4a,5,7a,13-hexahydro-1H-4,12-methanobenzofuro[3,2-e]isoquinolin-7-yl] benzoate	76314940	CHEMBL3137321
[(4R,4aS,7aR,12bS)-9-methoxy-3-methyl-2,4,4a,5,7a,13-hexahydro-1H-4,12-methanobenzofuro[3,2-e]isoquinolin-7-yl] benzoate;hydrochloride	76322220	CHEMBL3137310
[(7S,9E,11S,12R,13S,14R,15R,16R,17S,18S,19E,21Z)-2,15,17,32-tetrahydroxy-11-methoxy-3,7,12,14,16,18,22-heptamethyl-1'-(2-methylpropyl)-6,23-dioxospiro[8,33-dioxa-24,27,29-triazapentacyclo[23.6.1.14,7.05,31.026,30]tritriaconta-1(32),2,4,9,19,21,24,26,30-nonaene-28,4'-piperidine]-13-yl] acetate	135415564	CHEMBL444633
[1-(Dimethylamino)-2-methylpropan-2-yl] 2-hydroxy-2,2-diphenylacetate	17843092	CHEMBL3304486
cyclo[Lys-Tyr(Bn)-Phe-aHyp(Unk)-Phg-D-Trp]	73348210	CHEMBL3039583
cyclosporin A	5284373	CHEMBL160
d-Propoxyphene napsylate hydrate	33544	CHEMBL3989716
ethyl 2-[[(1R)-1-cyclohexyl-2-[(2S)-2-[[4-[(E)-N'-hydroxycarbamimidoyl]phenyl]methylcarbamoyl]azetidin-1-yl]-2-oxoethyl]amino]acetate	5478933	CHEMBL522038
florbetapir (18F)	24822371	CHEMBL1774461
flortaucipir (18F)	70957463	CHEMBL3545253
lanatoside C	656630	CHEMBL506569
lumateperone Tosylate	44241743	CHEMBL3233142
migalastat HCl	11644097	CHEMBL2107355
mitomycin C	5746	CHEMBL105
vitamin B1	6042	CHEMBL1588
